"","NODCCODE","Commonname","183m seine","21.3m seine","273m nylon trammel net","366m monofilament trammel net","547m nylon trammel net","6.1m otter trawl","61m seine","9.1m seine","Hook and line","No Set","Offshore Purse Seine","Scientificname","Genus","Subfamily","Family","Order","Class"
"1","0",NA,NA,NA,NA,0,NA,0,NA,0,NA,NA,NA,NA,NA,NA,NA,NA,NA
"2","1.111e+09",NA,NA,0,NA,NA,0,NA,0,NA,0,NA,NA,NA,NA,NA,NA,NA,NA
"3","3737040301","Cannonball Jellyfish",570,72,NA,NA,NA,960,NA,NA,NA,NA,NA,"Stomolophus meleagris",NA,NA,NA,NA,NA
"4","5.124e+09",NA,198,140,NA,NA,NA,1949,NA,NA,NA,NA,NA,NA,NA,NA,NA,NA,NA
"5","5509051200","Scallops",146,17,NA,4,1,7280,NA,NA,NA,NA,NA,"Argopecten spp.",NA,NA,NA,NA,NA
"6","5509051201","Atlantic Calico Scallop",1,NA,NA,NA,NA,95,NA,NA,NA,NA,NA,"Argopecten gibbus",NA,NA,NA,NA,NA
"7","5509051202","Bay Scallop",103,17,NA,13,NA,3993,NA,NA,NA,NA,NA,"Argopecten irradians",NA,NA,NA,NA,NA
"8","5515471100",NA,NA,NA,NA,NA,NA,1,NA,NA,NA,NA,NA,NA,NA,NA,NA,NA,NA
"9","5515471101","Northern Quahog",NA,NA,NA,NA,NA,1,NA,NA,NA,NA,NA,"Mercenaria mercenaria",NA,NA,NA,NA,NA
"10","5706010000","Squid",20,2,NA,NA,NA,67,NA,NA,NA,NA,NA,"Loliginidae spp.",NA,NA,NA,NA,NA
"11","5706010100","Squid",NA,NA,NA,NA,NA,11,NA,NA,NA,NA,NA,"Loligo spp.",NA,NA,NA,NA,NA
"12","5802010101","Horseshoe Crab",1314,429,6,230,81,1440,21,NA,NA,7,NA,"Limulus polyphemus",NA,NA,NA,NA,NA
"13","6177010000","Penaeid Shrimps",NA,8,NA,NA,NA,15,NA,NA,NA,NA,NA,"Penaeidae spp.",NA,NA,NA,NA,NA
"14","6177010100","Commercial Shrimps",270,21051,NA,NA,NA,9325,NA,NA,NA,NA,NA,"Farfantepenaeus spp.",NA,NA,NA,NA,NA
"15","6177010101","Brown Shrimp",259,632,NA,NA,NA,4876,NA,NA,NA,NA,NA,"Farfantepenaeus aztecus",NA,NA,NA,NA,NA
"16","6177010102","Pink Shrimp",2814,124630,NA,NA,NA,73082,218,37,NA,23,NA,"Farfantepenaeus duorarum",NA,NA,NA,NA,NA
"17","6177010103","White Shrimp",7077,11288,NA,NA,NA,15117,NA,NA,NA,NA,NA,"Litopenaeus setiferus",NA,NA,NA,NA,NA
"18","6177010120","Giant Tiger Prawn",1,1,NA,NA,NA,NA,NA,NA,NA,NA,NA,"Penaeus monodon",NA,NA,NA,NA,NA
"19","6177010200",NA,NA,8,NA,NA,NA,208,NA,NA,NA,NA,NA,NA,NA,NA,NA,NA,NA
"20","6177010201","Roughneck Shrimp",NA,149,NA,NA,NA,7443,NA,NA,NA,NA,NA,"Rimapenaeus constrictus",NA,NA,NA,NA,NA
"21","6177010202","Yellow Roughneck Shrimp",NA,NA,NA,NA,NA,162,NA,NA,NA,NA,NA,"Rimapenaeus similis",NA,NA,NA,NA,NA
"22","6177010701","Atlantic Seabob",1,12,NA,NA,NA,81,NA,NA,NA,NA,NA,"Xiphopenaeus kroyeri",NA,NA,NA,NA,NA
"23","6177040100","Rock Shrimp",NA,3,NA,NA,NA,75,NA,NA,NA,NA,NA,"Sicyonia spp.",NA,NA,NA,NA,NA
"24","6177040101","Rock Shrimp",NA,NA,NA,NA,NA,25,NA,NA,NA,NA,NA,"Sicyonia brevirostris",NA,NA,NA,NA,NA
"25","6177040102","Lesser Rock Shrimp",NA,2,NA,NA,NA,45,NA,NA,NA,NA,NA,"Sicyonia dorsalis",NA,NA,NA,NA,NA
"26","6177040103","Kinglet Rock Shrimp",NA,9,NA,NA,NA,150,NA,NA,NA,NA,NA,"Sicyonia typica",NA,NA,NA,NA,NA
"27","6177040104","Hardback",NA,10,NA,NA,NA,129,NA,NA,NA,NA,NA,"Sicyonia laevigata",NA,NA,NA,NA,NA
"28","6177040107",NA,1,3,NA,NA,NA,31,NA,NA,NA,NA,NA,NA,NA,NA,NA,NA,NA
"29","6179110000",NA,NA,NA,NA,NA,NA,4,NA,NA,NA,NA,NA,NA,NA,NA,NA,NA,NA
"30","6179110100",NA,NA,12,NA,NA,NA,3,NA,NA,NA,NA,NA,NA,NA,NA,NA,NA,NA
"31","6179110105","Red-algae Shrimp",NA,6,NA,NA,NA,18,NA,NA,NA,NA,NA,"Leander paulensis",NA,NA,NA,NA,NA
"32","6179110200","Prawns",NA,NA,NA,NA,NA,3,NA,NA,NA,NA,NA,"Macrobrachium spp.",NA,NA,NA,NA,NA
"33","6179110201","Ohio Shrimp",NA,1,NA,NA,NA,4,NA,NA,NA,NA,NA,"Macrobrachium ohione",NA,NA,NA,NA,NA
"34","6179110300","Grass Shrimp",NA,736,NA,NA,NA,260,NA,469,NA,NA,NA,"Palaemonetes spp.",NA,NA,NA,NA,NA
"35","6179110301","Brackish Grass Shrimp",NA,16583,NA,NA,NA,10976,NA,259,NA,NA,NA,"Palaemonetes intermedius",NA,NA,NA,NA,NA
"36","6179110302","Eastern Grass Shrimp",NA,8,NA,NA,NA,11,NA,NA,NA,NA,NA,"Palaemonetes paludosus",NA,NA,NA,NA,NA
"37","6179110303","Daggerblade Grass Shrimp",NA,54674,NA,NA,NA,427,NA,12211,NA,NA,NA,"Palaemonetes pugio",NA,NA,NA,NA,NA
"38","6179110304","Marsh Grass Shrimp",NA,13,NA,NA,NA,16,NA,NA,NA,NA,NA,"Palaemonetes vulgaris",NA,NA,NA,NA,NA
"39","6179110401","American Grass Shrimp",NA,135,NA,NA,NA,125,NA,NA,NA,NA,NA,"Periclimenes americanus",NA,NA,NA,NA,NA
"40","6179110403","Longtail Grass Shrimp",NA,375,NA,NA,NA,241,NA,NA,NA,NA,NA,"Periclimenes longicaudatus",NA,NA,NA,NA,NA
"41","6179110803","Florida Grass Shrimp",NA,86,NA,NA,NA,820,NA,NA,NA,NA,NA,"Palaemon floridanus",NA,NA,NA,NA,NA
"42","6179111301","Twoclaw Shrimp",NA,1,NA,NA,NA,11,NA,NA,NA,NA,NA,"Brachycarpus biunguiculatus",NA,NA,NA,NA,NA
"43","6179140000","Snapping Shrimp",NA,173,NA,NA,NA,334,NA,3,NA,NA,NA,"Alpheidae spp.",NA,NA,NA,NA,NA
"44","6179150101","Estuarine Longeye Shrimp",NA,NA,NA,NA,NA,1,NA,NA,NA,NA,NA,"Ogyrides alphaerostris",NA,NA,NA,NA,NA
"45","6179160100",NA,NA,NA,NA,NA,NA,1,NA,NA,NA,NA,NA,NA,NA,NA,NA,NA,NA
"46","6179160104","Zostera Shrimp",NA,423,NA,NA,NA,26,NA,NA,NA,NA,NA,"Hippolyte zostericola",NA,NA,NA,NA,NA
"47","6179160602","Sargassum Shrimp",NA,13,NA,NA,NA,NA,NA,NA,NA,NA,NA,"Latreutes parvulus",NA,NA,NA,NA,NA
"48","6179161101","Peppermint Shrimp",NA,NA,NA,NA,NA,5,NA,NA,NA,NA,NA,"Lysmata wurdemanni",NA,NA,NA,NA,NA
"49","6179161109","Scarlet Cleaner Shrimp",NA,NA,NA,NA,NA,14,NA,NA,NA,NA,NA,"Lysmata amboinensis",NA,NA,NA,NA,NA
"50","6179161200","Arrow Shrimp",NA,NA,NA,NA,NA,3,NA,NA,NA,NA,NA,"Tozeuma spp.",NA,NA,NA,NA,NA
"51","6179161201","Arrow Shrimp",NA,1542,NA,NA,NA,963,NA,NA,NA,NA,NA,"Tozeuma carolinense",NA,NA,NA,NA,NA
"52","6179161402","Manning Grass Shrimp",NA,1,NA,NA,NA,NA,NA,NA,NA,NA,NA,"Thor manningi",NA,NA,NA,NA,NA
"53","6179161404","Squat Grass Shrimp",NA,NA,NA,NA,NA,6,NA,NA,NA,NA,NA,"Thor dobkini",NA,NA,NA,NA,NA
"54","6179170301",NA,NA,2,NA,NA,NA,2,NA,NA,NA,NA,NA,NA,NA,NA,NA,NA,NA
"55","6182010101","Spiny Lobster",12,2,NA,NA,NA,5,NA,NA,NA,NA,NA,"Panulirus argus",NA,NA,NA,NA,NA
"56","6186020201","Calico Box Crab",NA,NA,NA,NA,NA,5,NA,NA,NA,NA,NA,"Hepatus epheliticus",NA,NA,NA,NA,NA
"57","6189010000","Swimming Crabs",NA,3,NA,NA,NA,2,NA,NA,NA,NA,NA,"Portunidae spp.",NA,NA,NA,NA,NA
"58","6189010101","Speckled Swimming Crab",NA,1,NA,NA,NA,NA,NA,NA,NA,NA,NA,"Arenaeus cribrarius",NA,NA,NA,NA,NA
"59","6189010300",NA,2,16,NA,NA,NA,19,NA,NA,NA,NA,NA,NA,NA,NA,NA,NA,NA
"60","6189010301","Blue Crab",20595,31556,NA,552,20,53954,746,139,4,33,NA,"Callinectes sapidus",NA,NA,NA,NA,NA
"61","6189010302","Lesser Blue Crab",26,164,NA,NA,NA,2981,NA,NA,NA,NA,NA,"Callinectes similis",NA,NA,NA,NA,NA
"62","6189010304","Shelligs",262,158,NA,NA,NA,1167,NA,NA,NA,1,NA,"Callinectes ornatus",NA,NA,NA,NA,NA
"63","6189010310","Masked Swimming Crab",NA,NA,NA,NA,NA,1,NA,NA,NA,NA,NA,"Callinectes larvatus",NA,NA,NA,NA,NA
"64","6189010600","Portunus Crabs",400,756,NA,NA,NA,67157,NA,NA,NA,NA,NA,"Portunus spp.",NA,NA,NA,NA,NA
"65","6189010601","Iridescent Swimming Crab",3,54,NA,NA,NA,467,NA,NA,NA,NA,NA,"Portunus gibbesii",NA,NA,NA,NA,NA
"66","6189010604","Blotched Swimming Crab",NA,9,NA,NA,NA,39,NA,NA,NA,NA,NA,"Portunus spinimanus",NA,NA,NA,NA,NA
"67","6189021300","Stone Crab",132,527,NA,1,1,19093,NA,1,1,NA,NA,"Menippe spp.",NA,NA,NA,NA,NA
"68","6189021301","Florida Stone Crab",5,1,NA,NA,NA,234,NA,NA,NA,NA,NA,"Menippe mercenaria",NA,NA,NA,NA,NA
"69","6191010101","Rough Mantis Shrimp",NA,NA,NA,NA,NA,22,NA,NA,NA,NA,NA,"Squilla empusa",NA,NA,NA,NA,NA
"70","8500010100","Lancelet",NA,NA,NA,NA,NA,18,NA,NA,NA,NA,NA,"Amphioxus spp.",NA,NA,NA,NA,NA
"71","8707100101","Nurse Shark",19,NA,NA,3,NA,15,NA,NA,NA,NA,NA,"Ginglymostoma cirratum","Ginglymostoma",NA,"Ginglymostomatidae","Orectolobiformes","Elasmobranchii"
"72","8708020301","Atlantic Sharpnose Shark",96,5,NA,NA,NA,15,NA,NA,NA,NA,NA,"Rhizoprionodon terraenovae","Rhizoprionodon",NA,"Carcharhinidae","Carcharhiniformes","Elasmobranchii"
"73","8708020500",NA,2,1,NA,NA,NA,2,NA,NA,NA,NA,NA,NA,NA,NA,NA,NA,NA
"74","8708020502","Bull Shark",39,1,NA,15,1,NA,NA,NA,NA,NA,NA,"Carcharhinus leucas","Carcharhinus",NA,"Carcharhinidae","Carcharhiniformes","Elasmobranchii"
"75","8708020504","Blacknose Shark",3,NA,NA,1,NA,NA,NA,NA,NA,NA,4,"Carcharhinus acronotus","Carcharhinus",NA,"Carcharhinidae","Carcharhiniformes","Elasmobranchii"
"76","8708020507","Blacktip Shark",66,3,NA,7,3,4,NA,NA,3,NA,2,"Carcharhinus limbatus","Carcharhinus",NA,"Carcharhinidae","Carcharhiniformes","Elasmobranchii"
"77","8708020530","Spinner Shark",2,NA,NA,NA,NA,NA,NA,NA,NA,NA,NA,"Carcharhinus brevipinna","Carcharhinus",NA,"Carcharhinidae","Carcharhiniformes","Elasmobranchii"
"78","8708020531","Finetooth Shark",5,NA,NA,NA,NA,NA,NA,NA,NA,NA,NA,"Carcharhinus isodon","Carcharhinus",NA,"Carcharhinidae","Carcharhiniformes","Elasmobranchii"
"79","8708020801","Lemon Shark",12,NA,NA,3,2,NA,NA,NA,NA,NA,NA,"Negaprion brevirostris","Negaprion",NA,"Carcharhinidae","Carcharhiniformes","Elasmobranchii"
"80","8708030101","Bonnethead",1260,25,NA,55,37,33,NA,NA,32,NA,NA,"Sphyrna tiburo","Sphyrna",NA,"Sphyrnidae","Carcharhiniformes","Elasmobranchii"
"81","8708030103","Scalloped Hammerhead",1,NA,NA,NA,NA,NA,NA,NA,NA,NA,NA,"Sphyrna lewini","Sphyrna",NA,"Sphyrnidae","Carcharhiniformes","Elasmobranchii"
"82","8708040201","Smooth Dogfish",NA,NA,NA,NA,NA,1,NA,NA,NA,NA,NA,"Mustelus canis","Mustelus","Triakinae","Triakidae","Carcharhiniformes","Elasmobranchii"
"83","8713010101","Smalltooth Sawfish",17,1,NA,1,NA,NA,NA,NA,NA,NA,NA,"Pristis pectinata","Pristis",NA,"Pristidae","Pristiformes","Elasmobranchii"
"84","8713020101","Atlantic Guitarfish",61,1,NA,5,1,25,NA,NA,1,NA,NA,"Rhinobatos lentiginosus","Rhinobatos","Rhinobatinae","Rhinobatidae","Rajiformes","Elasmobranchii"
"85","8713040113","Clearnose Skate",5,1,NA,NA,NA,51,NA,NA,NA,NA,NA,"Raja eglanteria","Raja",NA,"Rajidae","Rajiformes","Elasmobranchii"
"86","8713040126","Freckled Skate",NA,NA,NA,NA,NA,1,NA,NA,NA,NA,NA,"Leucoraja lentiginosa","Leucoraja",NA,"Rajidae","Rajiformes","Elasmobranchii"
"87","8713040133","Roundel Skate",1,NA,NA,NA,NA,24,NA,NA,NA,NA,NA,"Raja texana","Raja",NA,"Rajidae","Rajiformes","Elasmobranchii"
"88","8713050100","Whiptail Stingrays",22,NA,NA,1,NA,4,NA,NA,NA,NA,NA,"Dasyatis spp.",NA,NA,NA,NA,NA
"89","8713050103","Southern Stingray",714,11,NA,21,13,103,2,NA,NA,NA,NA,"Dasyatis americana","Dasyatis",NA,"Dasyatidae","Myliobatiformes","Elasmobranchii"
"90","8713050105","Atlantic Stingray",47545,2209,NA,181,117,11133,159,1,81,10,NA,"Dasyatis sabina","Dasyatis",NA,"Dasyatidae","Myliobatiformes","Elasmobranchii"
"91","8713050106","Bluntnose Stingray",4182,121,NA,74,35,629,15,NA,3,3,NA,"Dasyatis say","Dasyatis",NA,"Dasyatidae","Myliobatiformes","Elasmobranchii"
"92","8713050202","Smooth Butterfly Ray",1353,29,NA,9,2,568,1,NA,NA,NA,NA,"Gymnura micrura","Gymnura",NA,"Gymnuridae","Myliobatiformes","Elasmobranchii"
"93","8713070101","Spotted Eagle Ray",108,2,NA,4,NA,2,NA,NA,NA,NA,NA,"Aetobatus narinari","Aetobatus","Myliobatinae","Myliobatidae","Myliobatiformes","Elasmobranchii"
"94","8713070301","Cownose Ray",10087,275,1,303,43,98,47,NA,8,1,NA,"Rhinoptera bonasus","Rhinoptera","Rhinopterinae","Myliobatidae","Myliobatiformes","Elasmobranchii"
"95","8713120101","Lesser Electric Ray",9,NA,NA,NA,NA,18,NA,NA,NA,NA,NA,"Narcine bancroftii","Narcine",NA,"Narcinidae","Torpediniformes","Elasmobranchii"
"96","8729010100",NA,NA,NA,NA,NA,NA,1,NA,NA,NA,NA,NA,NA,NA,NA,NA,NA,NA
"97","8729010105","Atlantic Sturgeon",2,NA,NA,NA,NA,27,NA,NA,NA,NA,NA,"Acipenser oxyrinchus","Acipenser","Acipenserinae","Acipenseridae","Acipenseriformes","Actinopterygii"
"98","8732010000",NA,NA,1,NA,NA,NA,NA,NA,NA,NA,NA,NA,NA,NA,NA,NA,NA,NA
"99","8732010100","Gars",NA,1,NA,NA,NA,NA,NA,NA,NA,NA,NA,"Lepisosteus spp.",NA,NA,NA,NA,NA
"100","8732010101","Longnose Gar",769,63,NA,1,NA,228,40,NA,NA,NA,NA,"Lepisosteus osseus","Lepisosteus",NA,"Lepisosteidae","Lepisosteiformes","Actinopterygii"
"101","8732010102","Spotted Gar",10,11,NA,NA,NA,1,NA,NA,NA,NA,NA,"Lepisosteus oculatus","Lepisosteus",NA,"Lepisosteidae","Lepisosteiformes","Actinopterygii"
"102","8732010105","Florida Gar",19,57,NA,NA,NA,7,24,NA,NA,NA,NA,"Lepisosteus platyrhincus","Lepisosteus",NA,"Lepisosteidae","Lepisosteiformes","Actinopterygii"
"103","8734010101","Bowfin",1,3,NA,NA,NA,NA,1,NA,NA,NA,NA,"Amia calva","Amia",NA,"Amiidae","Amiiformes","Actinopterygii"
"104","8.737e+09",NA,NA,NA,NA,NA,NA,1,NA,NA,NA,NA,NA,NA,NA,NA,NA,NA,NA
"105","8738010000",NA,NA,2,NA,NA,NA,NA,NA,NA,NA,NA,NA,NA,NA,NA,NA,NA,NA
"106","8738010100",NA,NA,NA,NA,NA,NA,6,NA,NA,NA,NA,NA,NA,NA,NA,NA,NA,NA
"107","8738010101","Ladyfish",55135,754,5,2638,NA,298,177,1,322,6,NA,"Elops saurus","Elops",NA,"Elopidae","Elopiformes","Actinopterygii"
"108","8738010199","Malacho",NA,2,NA,NA,NA,11,NA,NA,NA,NA,NA,"Elops smithi","Elops",NA,"Elopidae","Elopiformes","Actinopterygii"
"109","8738020201","Tarpon",51,2,NA,NA,NA,1,NA,NA,NA,NA,NA,"Megalops atlanticus","Megalops",NA,"Megalopidae","Elopiformes","Actinopterygii"
"110","8739010100",NA,1,1,NA,NA,NA,NA,NA,NA,NA,NA,NA,NA,NA,NA,NA,NA,NA
"111","8739010101","Bonefish",28,48,NA,NA,NA,1,NA,NA,NA,NA,NA,"Albula vulpes","Albula","Albulinae","Albulidae","Albuliformes","Actinopterygii"
"112","8739010103","Lagoon Bonefish",NA,3,NA,NA,NA,NA,NA,NA,NA,NA,NA,"Albula conorhynchus",NA,NA,NA,NA,NA
"113","8739010104","Channel Bonefish",NA,NA,NA,NA,NA,1,NA,NA,NA,NA,NA,"Albula goreensis","Albula","Albulinae","Albulidae","Albuliformes","Actinopterygii"
"114","8741010000",NA,NA,NA,NA,NA,NA,1,NA,NA,NA,NA,NA,NA,NA,NA,NA,NA,NA
"115","8741010101","American Eel",2,NA,NA,NA,NA,4,NA,NA,NA,NA,NA,"Anguilla rostrata","Anguilla",NA,"Anguillidae","Anguilliformes","Actinopterygii"
"116","8741050400",NA,NA,NA,NA,NA,NA,1,NA,NA,NA,NA,NA,NA,NA,NA,NA,NA,NA
"117","8741050404","Blackedge Moray",NA,NA,NA,NA,NA,3,NA,NA,NA,NA,NA,"Gymnothorax nigromarginatus","Gymnothorax","Muraeninae","Muraenidae","Anguilliformes","Actinopterygii"
"118","8741050407","Ocellated Moray",1,NA,NA,NA,NA,16,NA,NA,NA,NA,NA,"Gymnothorax saxicola","Gymnothorax","Muraeninae","Muraenidae","Anguilliformes","Actinopterygii"
"119","8741130000",NA,NA,9,NA,NA,NA,NA,NA,NA,NA,NA,NA,NA,NA,NA,NA,NA,NA
"120","8741130201","Whip Eel",NA,NA,NA,NA,NA,1,NA,NA,NA,NA,NA,"Bascanichthys scuticaris","Bascanichthys","Ophichthinae","Ophichthidae","Anguilliformes","Actinopterygii"
"121","8741130802","Speckled Worm Eel",1,150,NA,NA,NA,809,NA,NA,NA,NA,NA,"Myrophis punctatus","Myrophis","Myrophinae","Ophichthidae","Anguilliformes","Actinopterygii"
"122","8741131000",NA,NA,24,NA,NA,NA,NA,NA,NA,NA,NA,NA,NA,NA,NA,NA,NA,NA
"123","8741131001","Shrimp Eel",4,7,NA,NA,NA,22,NA,NA,NA,NA,NA,"Ophichthus gomesii","Ophichthus","Ophichthinae","Ophichthidae","Anguilliformes","Actinopterygii"
"124","8741133101","Spotted Spoon-nose Eel",1,NA,NA,NA,NA,NA,NA,NA,NA,NA,NA,"Echiophis intertinctus","Echiophis","Ophichthinae","Ophichthidae","Anguilliformes","Actinopterygii"
"125","8741133102","Stippled Spoon-nose Eel",NA,NA,NA,NA,NA,1,NA,NA,NA,NA,NA,"Echiophis punctifer","Echiophis","Ophichthinae","Ophichthidae","Anguilliformes","Actinopterygii"
"126","8747010000","Herrings",NA,178,NA,NA,NA,40,NA,NA,NA,NA,NA,"Clupeidae spp.",NA,NA,NA,NA,NA
"127","8747010100",NA,1,1,NA,NA,NA,NA,NA,NA,NA,NA,NA,NA,NA,NA,NA,NA,NA
"128","8747010104","Alabama Shad",76,5,NA,NA,NA,2,NA,NA,NA,NA,NA,"Alosa alabamae","Alosa","Alosinae","Clupeidae","Clupeiformes","Actinopterygii"
"129","8747010106","Skipjack Herring",83,9,NA,NA,NA,5,NA,NA,NA,NA,NA,"Alosa chrysochloris","Alosa","Alosinae","Clupeidae","Clupeiformes","Actinopterygii"
"130","8747010400","Menhadens",92812,92571,NA,162,NA,5595,106,50,NA,3,NA,"Brevoortia spp.",NA,NA,NA,NA,NA
"131","8747010500","Shad",14,45,NA,NA,NA,NA,NA,NA,NA,NA,NA,"Dorosoma spp.",NA,NA,NA,NA,NA
"132","8747010501","Gizzard Shad",1041,9,NA,NA,NA,3,5,NA,NA,NA,NA,"Dorosoma cepedianum","Dorosoma","Dorosomatinae","Clupeidae","Clupeiformes","Actinopterygii"
"133","8747010502","Threadfin Shad",1894,1476,NA,NA,NA,114,210,NA,NA,1,NA,"Dorosoma petenense","Dorosoma","Dorosomatinae","Clupeidae","Clupeiformes","Actinopterygii"
"134","8747010701","Atlantic Thread Herring",27592,24998,NA,41,NA,1115,378,4,NA,NA,NA,"Opisthonema oglinum","Opisthonema","Dorosomatinae","Clupeidae","Clupeiformes","Actinopterygii"
"135","8747010800",NA,NA,18,NA,NA,NA,NA,NA,NA,NA,NA,NA,NA,NA,NA,NA,NA,NA
"136","8747010803","Scaled Sardine",183660,213642,NA,NA,NA,5329,14331,NA,NA,430,NA,"Harengula jaguana","Harengula","Dorosomatinae","Clupeidae","Clupeiformes","Actinopterygii"
"137","8747010900",NA,NA,39,NA,NA,NA,NA,NA,NA,NA,NA,NA,NA,NA,NA,NA,NA,NA
"138","8747010901","Dwarf Herring",NA,2051,NA,NA,NA,NA,NA,NA,NA,NA,NA,"Jenkinsia lamprotaenia","Jenkinsia","Incertae sedis","Clupeidae","Clupeiformes","Actinopterygii"
"139","8747010903","Shortband Herring",NA,566,NA,NA,NA,NA,NA,NA,NA,NA,NA,"Jenkinsia stolifera","Jenkinsia","Incertae sedis","Clupeidae","Clupeiformes","Actinopterygii"
"140","8747011001","Spanish Sardine",1500,17602,NA,NA,NA,109,5,NA,NA,NA,NA,"Sardinella aurita","Sardinella","Dorosomatinae","Clupeidae","Clupeiformes","Actinopterygii"
"141","8747020000",NA,NA,2,NA,NA,NA,NA,NA,NA,NA,NA,NA,NA,NA,NA,NA,NA,NA
"142","8747020103","Silver Anchovy",NA,2,NA,NA,NA,2,NA,NA,NA,NA,NA,"Engraulis eurystole","Engraulis","Engraulinae","Engraulidae","Clupeiformes","Actinopterygii"
"143","8747020200","Anchovies",NA,780,NA,NA,NA,1548,NA,3382,NA,NA,NA,"Anchoa spp.",NA,NA,NA,NA,NA
"144","8747020201","Striped Anchovy",127,93416,NA,1,NA,32662,32,1,NA,NA,NA,"Anchoa hepsetus","Anchoa","Engraulinae","Engraulidae","Clupeiformes","Actinopterygii"
"145","8747020202","Bay Anchovy",57,1954790,NA,NA,NA,766947,75,14098,NA,NA,NA,"Anchoa mitchilli","Anchoa","Engraulinae","Engraulidae","Clupeiformes","Actinopterygii"
"146","8747020203","Cuban Anchovy",NA,8291,NA,NA,NA,24775,NA,NA,NA,NA,NA,"Anchoa cubana","Anchoa","Engraulinae","Engraulidae","Clupeiformes","Actinopterygii"
"147","8747020204","Bigeye Anchovy",NA,2,NA,NA,NA,NA,NA,NA,NA,NA,NA,"Anchoa lamprotaenia","Anchoa","Engraulinae","Engraulidae","Clupeiformes","Actinopterygii"
"148","8747020205","Dusky Anchovy",NA,2422,NA,NA,NA,3468,NA,NA,NA,NA,NA,"Anchoa lyolepis","Anchoa","Engraulinae","Engraulidae","Clupeiformes","Actinopterygii"
"149","8758010102","Pickerel",NA,1,NA,NA,NA,NA,NA,NA,NA,NA,NA,"Esox americanus",NA,NA,NA,NA,NA
"150","8758010103","Chain Pickerel",NA,3,NA,NA,NA,NA,NA,NA,NA,NA,NA,"Esox niger","Esox",NA,"Esocidae","Esociformes","Actinopterygii"
"151","8762020000",NA,NA,1,NA,NA,NA,NA,NA,NA,NA,NA,NA,NA,NA,NA,NA,NA,NA
"152","8762020100",NA,NA,NA,NA,NA,NA,1,NA,NA,NA,NA,NA,NA,NA,NA,NA,NA,NA
"153","8762020101","Inshore Lizardfish",4813,12306,NA,13,1,15560,8,1,39,4,NA,"Synodus foetens","Synodus","Synodontinae","Synodontidae","Aulopiformes","Actinopterygii"
"154","8762020301","Largescale Lizardfish",NA,NA,NA,NA,NA,1,NA,NA,NA,NA,NA,"Saurida brasiliensis","Saurida","Harpadontinae","Synodontidae","Aulopiformes","Actinopterygii"
"155","8776010000","Carps and Minnows",NA,1,NA,NA,NA,NA,NA,NA,NA,NA,NA,"Cyprinidae spp.",NA,NA,NA,NA,NA
"156","8776010101","Common Carp",2,12,NA,NA,NA,NA,NA,NA,NA,NA,NA,"Cyprinus carpio","Cyprinus","Cyprininae","Cyprinidae","Cypriniformes","Actinopterygii"
"157","8776010601","Golden Shiner",NA,418,NA,NA,NA,NA,NA,NA,NA,NA,NA,"Notemigonus crysoleucas","Notemigonus","Leuciscinae","Cyprinidae","Cypriniformes","Actinopterygii"
"158","8776011100","Notropis Shiners",NA,150,NA,NA,NA,NA,NA,NA,NA,NA,NA,"Notropis spp.",NA,NA,NA,NA,NA
"159","8776011104","Ironcolor Shiner",NA,16,NA,NA,NA,NA,NA,NA,NA,NA,NA,"Notropis chalybaeus","Notropis","Leuciscinae","Cyprinidae","Cypriniformes","Actinopterygii"
"160","8776011124","Weed Shiner",NA,36,NA,NA,NA,NA,NA,NA,NA,NA,NA,"Notropis texanus","Notropis","Leuciscinae","Cyprinidae","Cypriniformes","Actinopterygii"
"161","8776011178","Taillight Shiner",NA,26,NA,NA,NA,NA,NA,NA,NA,NA,NA,"Notropis maculatus","Notropis","Leuciscinae","Cyprinidae","Cypriniformes","Actinopterygii"
"162","8776011185","Coastal Shiner",1,2170,NA,NA,NA,16,NA,NA,NA,NA,NA,"Notropis petersoni","Notropis","Leuciscinae","Cyprinidae","Cypriniformes","Actinopterygii"
"163","8776012301","Grass Carp",1,1,NA,NA,NA,NA,NA,NA,NA,NA,NA,"Ctenopharyngodon idella","Ctenopharyngodon","Squaliobarbinae","Cyprinidae","Cypriniformes","Actinopterygii"
"164","8776017621","Blacktail Shiner",NA,1,NA,NA,NA,NA,NA,NA,NA,NA,NA,"Cyprinella venusta","Cyprinella","Leuciscinae","Cyprinidae","Cypriniformes","Actinopterygii"
"165","8776018201","Pugnose Minnow",NA,27,NA,NA,NA,4,NA,NA,NA,NA,NA,"Opsopoeodus emiliae",NA,NA,NA,NA,NA
"166","8776040201","Quillback",NA,1,NA,NA,NA,NA,NA,NA,NA,NA,NA,"Carpiodes cyprinus","Carpiodes","Ictiobinae","Catostomidae","Cypriniformes","Actinopterygii"
"167","8776040301","Lake Chubsucker",NA,2,NA,NA,NA,NA,NA,NA,NA,NA,NA,"Erimyzon sucetta","Erimyzon","Catostominae","Catostomidae","Cypriniformes","Actinopterygii"
"168","8776040801","Spotted Sucker",NA,5,NA,NA,NA,NA,NA,NA,NA,NA,NA,"Minytrema melanops","Minytrema","Catostominae","Catostomidae","Cypriniformes","Actinopterygii"
"169","8777020000","Bullhead Catfishes",7,6,NA,NA,NA,1,NA,NA,NA,NA,NA,"Ictaluridae spp.",NA,NA,NA,NA,NA
"170","8777020102","Blue Catfish",NA,NA,NA,NA,NA,65,NA,NA,NA,NA,NA,"Ictalurus furcatus","Ictalurus",NA,"Ictaluridae","Siluriformes","Actinopterygii"
"171","8777020105","Channel Catfish",1,14,NA,NA,NA,1303,1,NA,NA,NA,NA,"Ictalurus punctatus","Ictalurus",NA,"Ictaluridae","Siluriformes","Actinopterygii"
"172","8777020600","Bullheads",NA,1,NA,NA,NA,NA,NA,NA,NA,NA,NA,"Ameiurus spp.",NA,NA,NA,NA,NA
"173","8777020602","White Catfish",11,21,NA,NA,NA,1539,1,NA,NA,NA,NA,"Ameiurus catus","Ameiurus",NA,"Ictaluridae","Siluriformes","Actinopterygii"
"174","8777020604","Yellow Bullhead",NA,1,NA,NA,NA,4,NA,NA,NA,NA,NA,"Ameiurus natalis","Ameiurus",NA,"Ictaluridae","Siluriformes","Actinopterygii"
"175","8777020605","Brown Bullhead",NA,1,NA,NA,NA,NA,NA,NA,NA,NA,NA,"Ameiurus nebulosus","Ameiurus",NA,"Ictaluridae","Siluriformes","Actinopterygii"
"176","8777020607","Spotted Bullhead",NA,NA,NA,NA,NA,1,NA,NA,NA,NA,NA,"Ameiurus serracanthus","Ameiurus",NA,"Ictaluridae","Siluriformes","Actinopterygii"
"177","8777120101","Walking Catfish",1,NA,NA,NA,NA,1,NA,NA,NA,NA,NA,"Clarias batrachus","Clarias",NA,"Clariidae","Siluriformes","Actinopterygii"
"178","8777180101","Gafftopsail Catfish",8558,1338,NA,102,1,3874,49,NA,42,4,NA,"Bagre marinus","Bagre","Bagreinae","Ariidae","Siluriformes","Actinopterygii"
"179","8777180202","Hardhead Catfish",52377,18787,50,6471,2,41238,181,NA,449,81,NA,"Ariopsis felis","Ariopsis","Ariinae","Ariidae","Siluriformes","Actinopterygii"
"180","8777300000","Suckermouth Catfish",NA,12,NA,NA,NA,6,1,NA,NA,NA,NA,"Loricariidae spp.",NA,NA,NA,NA,NA
"181","8777300300",NA,NA,1,NA,NA,NA,2,NA,NA,NA,NA,NA,NA,NA,NA,NA,NA,NA
"182","8777300301","Brown Hoplo",4,8,NA,NA,NA,14,NA,NA,NA,NA,NA,"Hoplosternum littorale","Hoplosternum","Callichthyinae","Callichthyidae","Siluriformes","Actinopterygii"
"183","8777301000","Armoured Catfishes",2,7,NA,NA,NA,9,17,NA,NA,NA,NA,"Pterygoplichthys spp.",NA,NA,NA,NA,NA
"184","8777302001","Vermiculated Catfish",NA,2,NA,NA,NA,2,1,NA,NA,NA,NA,"Pterygoplichthys disjunctivus","Pterygoplichthys","Hypostominae","Loricariidae","Siluriformes","Actinopterygii"
"185","8781010101","Pirate Perch",NA,2,NA,NA,NA,NA,NA,NA,NA,NA,NA,"Aphredoderus sayanus","Aphredoderus",NA,"Aphredoderidae","Percopsiformes","Actinopterygii"
"186","8783010108","Atlantic Midshipman",3,5,NA,NA,NA,624,NA,NA,NA,NA,NA,"Porichthys plectrodon","Porichthys","Porichthyinae","Batrachoididae","Batrachoidiformes","Actinopterygii"
"187","8783010202","Gulf Toadfish",4811,1083,NA,3,NA,11639,26,NA,1,8,NA,"Opsanus beta","Opsanus","Batrachoidinae","Batrachoididae","Batrachoidiformes","Actinopterygii"
"188","8784010000",NA,NA,2,NA,NA,NA,NA,NA,NA,NA,NA,NA,NA,NA,NA,NA,NA,NA
"189","8784010102","Skilletfish",2,497,NA,NA,NA,274,NA,5,NA,NA,NA,"Gobiesox strumosus","Gobiesox","Gobiesocinae","Gobiesocidae","Gobiesociformes","Actinopterygii"
"190","8787020101","Sargassumfish",1,NA,NA,NA,NA,NA,NA,NA,NA,NA,NA,"Histrio histrio","Histrio","Antennariinae","Antennariidae","Lophiiformes","Actinopterygii"
"191","8787020203","Singlespot Frogfish",NA,NA,NA,NA,NA,8,NA,NA,NA,NA,NA,"Fowlerichthys radiosus","Fowlerichthys","Antennariinae","Antennariidae","Lophiiformes","Actinopterygii"
"192","8787040100","Batfishes",1,NA,NA,NA,NA,3,NA,NA,NA,NA,NA,"Ogcocephalus spp.",NA,NA,NA,NA,NA
"193","8787040105","Roughback Batfish",NA,NA,NA,NA,NA,2,NA,NA,NA,NA,NA,"Ogcocephalus parvus","Ogcocephalus",NA,"Ogcocephalidae","Lophiiformes","Actinopterygii"
"194","8787040106","Spotted Batfish",3348,100,NA,1,NA,747,NA,NA,NA,NA,NA,"Ogcocephalus pantostictus","Ogcocephalus",NA,"Ogcocephalidae","Lophiiformes","Actinopterygii"
"195","8787040109","Longnose Batfish",2,NA,NA,NA,NA,2,NA,NA,NA,NA,NA,"Ogcocephalus corniger","Ogcocephalus",NA,"Ogcocephalidae","Lophiiformes","Actinopterygii"
"196","8787040113","Polka-dot Batfish",5650,166,NA,1,NA,2899,NA,NA,NA,NA,NA,"Ogcocephalus cubifrons","Ogcocephalus",NA,"Ogcocephalidae","Lophiiformes","Actinopterygii"
"197","8791031000",NA,NA,2,NA,NA,NA,1,NA,NA,NA,NA,NA,NA,NA,NA,NA,NA,NA
"198","8791031002","Spotted Hake",NA,7,NA,NA,NA,118,NA,NA,NA,NA,NA,"Urophycis regia","Urophycis",NA,"Phycidae","Gadiformes","Actinopterygii"
"199","8791031007","Southern Hake",30,302,NA,NA,NA,2328,NA,NA,NA,NA,NA,"Urophycis floridana","Urophycis",NA,"Phycidae","Gadiformes","Actinopterygii"
"200","8792010401","Bearded Brotula",NA,NA,NA,NA,NA,1,NA,NA,NA,NA,NA,"Brotula barbata","Brotula","Brotulinae","Ophidiidae","Ophidiiformes","Actinopterygii"
"201","8792010603","Bank Cusk-eel",4,NA,NA,NA,NA,133,NA,NA,NA,NA,NA,"Ophidion holbrookii","Ophidion","Ophidiinae","Ophidiidae","Ophidiiformes","Actinopterygii"
"202","8792010605","Crested Cusk-eel",NA,NA,NA,NA,NA,2,NA,NA,NA,NA,NA,"Ophidion josephi","Ophidion","Ophidiinae","Ophidiidae","Ophidiiformes","Actinopterygii"
"203","8792010703","Sleeper Cusk-eel",9,NA,NA,NA,NA,NA,NA,NA,NA,NA,NA,"Otophidium dormitator","Otophidium","Ophidiinae","Ophidiidae","Ophidiiformes","Actinopterygii"
"204","8792012301","Gold Brotula",NA,NA,NA,NA,NA,15,NA,NA,NA,NA,NA,"Gunterichthys longipenis","Gunterichthys","Brosmophycinae","Bythitidae","Ophidiiformes","Actinopterygii"
"205","8792012401","Key Brotula",NA,5,NA,NA,NA,9,NA,NA,NA,NA,NA,"Ogilbia cayorum","Ogilbia","Brosmophycinae","Bythitidae","Ophidiiformes","Actinopterygii"
"206","8803010200",NA,1,1,NA,NA,NA,NA,NA,NA,NA,NA,NA,NA,NA,NA,NA,NA,NA
"207","8803010201","Ballyhoo",134,NA,NA,NA,NA,NA,NA,NA,NA,NA,NA,"Hemiramphus brasiliensis","Hemiramphus",NA,"Hemiramphidae","Beloniformes","Actinopterygii"
"208","8803010202","Balao",NA,1,NA,NA,NA,NA,NA,NA,NA,NA,NA,"Hemiramphus balao","Hemiramphus",NA,"Hemiramphidae","Beloniformes","Actinopterygii"
"209","8803010300","Halfbeaks",116,530,NA,1,NA,NA,NA,NA,NA,NA,NA,"Hyporhamphus spp.",NA,NA,NA,NA,NA
"210","8803010301","Halfbeak",31,28,NA,1,NA,1,NA,NA,NA,NA,NA,"Hyporhamphus unifasciatus","Hyporhamphus",NA,"Hemiramphidae","Beloniformes","Actinopterygii"
"211","8803010399","False Silver Halfbeak",2558,1446,NA,NA,NA,2,NA,NA,NA,NA,NA,"Hyporhamphus meeki","Hyporhamphus",NA,"Hemiramphidae","Beloniformes","Actinopterygii"
"212","8803010401","Hardhead Halfbeak",53,298,NA,NA,NA,NA,NA,NA,NA,NA,NA,"Chriodorus atherinoides","Chriodorus",NA,"Hemiramphidae","Beloniformes","Actinopterygii"
"213","8803020000",NA,5,NA,NA,NA,NA,NA,NA,NA,NA,NA,NA,NA,NA,NA,NA,NA,NA
"214","8803020200","Needlefishes",4,1324,NA,NA,NA,1,NA,13,NA,NA,NA,"Strongylura spp.",NA,NA,NA,NA,NA
"215","8803020201","Atlantic Needlefish",6686,1583,NA,11,NA,2,46,1,4,2,NA,"Strongylura marina","Strongylura",NA,"Belonidae","Beloniformes","Actinopterygii"
"216","8803020202","Redfin Needlefish",23507,12123,NA,24,NA,36,156,30,28,199,NA,"Strongylura notata",NA,NA,NA,NA,NA
"217","8803020203","Timucu",300,1336,NA,1,NA,1,35,3,NA,2,NA,"Strongylura timucu","Strongylura",NA,"Belonidae","Beloniformes","Actinopterygii"
"218","8803020300",NA,4,1,NA,NA,NA,NA,NA,NA,NA,NA,NA,NA,NA,NA,NA,NA,NA
"219","8803020301","Agujon",NA,2,NA,NA,NA,NA,NA,NA,NA,NA,NA,"Tylosurus acus",NA,NA,NA,NA,NA
"220","8803020302","Houndfish",411,10,NA,NA,NA,NA,NA,NA,NA,NA,NA,"Tylosurus crocodilus","Tylosurus",NA,"Belonidae","Beloniformes","Actinopterygii"
"221","8803020401","Keeltail Needlefish",25,NA,NA,NA,NA,NA,NA,NA,NA,NA,NA,"Platybelone argalus",NA,NA,NA,NA,NA
"222","8803040000","halfbeaks",1,4,NA,NA,NA,NA,NA,NA,NA,NA,NA,"Hemiramphidae spp.",NA,NA,NA,NA,NA
"223","8804040101","Sheepshead Minnow",151,29010,NA,NA,NA,1,130,1210,NA,NA,NA,"Cyprinodon variegatus",NA,NA,NA,NA,NA
"224","8804040200","Assorted Killifish",NA,13,NA,NA,NA,NA,NA,10,NA,NA,NA,"Fundulus spp.",NA,NA,NA,NA,NA
"225","8804040201","Marsh Killifish",NA,1217,NA,NA,NA,1,NA,22,NA,NA,NA,"Fundulus confluentus","Fundulus",NA,"Fundulidae","Cyprinodontiformes","Actinopterygii"
"226","8804040205","Striped Killifish",NA,10,NA,NA,NA,NA,NA,NA,NA,NA,NA,"Fundulus majalis","Fundulus",NA,"Fundulidae","Cyprinodontiformes","Actinopterygii"
"227","8804040207","Gulf Killifish",1405,20044,NA,NA,NA,3,1079,579,NA,13,NA,"Fundulus grandis","Fundulus",NA,"Fundulidae","Cyprinodontiformes","Actinopterygii"
"228","8804040208","Golden Topminnow",NA,34,NA,NA,NA,NA,NA,NA,NA,NA,NA,"Fundulus chrysotus","Fundulus",NA,"Fundulidae","Cyprinodontiformes","Actinopterygii"
"229","8804040213","Longnose Killifish",3635,44947,NA,NA,NA,211,763,438,NA,1,NA,"Fundulus similis","Fundulus",NA,"Fundulidae","Cyprinodontiformes","Actinopterygii"
"230","8804040223","Seminole Killifish",1,5091,NA,NA,NA,73,16,1,NA,NA,NA,"Fundulus seminolis","Fundulus",NA,"Fundulidae","Cyprinodontiformes","Actinopterygii"
"231","8804040300",NA,NA,1,NA,NA,NA,NA,NA,NA,NA,NA,NA,NA,NA,NA,NA,NA,NA
"232","8804040301","Rainwater Killifish",1,489780,NA,NA,NA,9422,12,2803,NA,NA,NA,"Lucania parva","Lucania",NA,"Fundulidae","Cyprinodontiformes","Actinopterygii"
"233","8804040302","Bluefin Killifish",NA,280,NA,NA,NA,NA,NA,NA,NA,NA,NA,"Lucania goodei","Lucania",NA,"Fundulidae","Cyprinodontiformes","Actinopterygii"
"234","8804040401","Diamond Killifish",1,4388,NA,NA,NA,1,2,98,NA,NA,NA,"Adinia xenica","Adinia",NA,"Fundulidae","Cyprinodontiformes","Actinopterygii"
"235","8804040501","Goldspotted Killifish",142,138580,NA,NA,NA,7224,479,874,NA,49,NA,"Floridichthys carpio","Floridichthys","Cyprinodontinae","Cyprinodontidae","Cyprinodontiformes","Actinopterygii"
"236","8804040801","Flagfish",NA,28,NA,NA,NA,1,NA,NA,NA,NA,NA,"Jordanella floridae","Jordanella","Cyprinodontinae","Cyprinodontidae","Cyprinodontiformes","Actinopterygii"
"237","8804080101","Western Mosquitofish",NA,1,NA,NA,NA,NA,NA,NA,NA,NA,NA,"Gambusia affinis","Gambusia","Poeciliinae","Poeciliidae","Cyprinodontiformes","Actinopterygii"
"238","8804080116","Eastern Mosquito Fish",NA,26506,NA,NA,NA,7,NA,97,NA,NA,NA,"Gambusia holbrooki","Gambusia","Poeciliinae","Poeciliidae","Cyprinodontiformes","Actinopterygii"
"239","8804080201","Sailfin Molly",19,12609,NA,NA,NA,2,347,490,NA,18,NA,"Poecilia latipinna","Poecilia","Poeciliinae","Poeciliidae","Cyprinodontiformes","Actinopterygii"
"240","8804080301","Pike Killifish",NA,20,NA,NA,NA,NA,1,1,NA,NA,NA,"Belonesox belizanus","Belonesox","Poeciliinae","Poeciliidae","Cyprinodontiformes","Actinopterygii"
"241","8804080401","Least Killifish",NA,145,NA,NA,NA,NA,NA,NA,NA,NA,NA,"Heterandria formosa","Heterandria","Poeciliinae","Poeciliidae","Cyprinodontiformes","Actinopterygii"
"242","8805020000",NA,NA,32,NA,NA,NA,NA,NA,NA,NA,NA,NA,NA,NA,NA,NA,NA,NA
"243","8805020200",NA,NA,171,NA,NA,NA,NA,NA,NA,NA,NA,NA,NA,NA,NA,NA,NA,NA
"244","8805020201","Rough Silverside",3,87693,NA,NA,NA,2,NA,1,NA,NA,NA,"Membras martinica","Membras","Menidiinae","Atherinopsidae","Atheriniformes","Actinopterygii"
"245","8805020300","Menidia Silversides",86,711967,NA,NA,NA,3461,342,3408,NA,NA,NA,"Menidia spp.",NA,NA,NA,NA,NA
"246","8805020301","Inland Silverside",NA,314,NA,NA,NA,NA,NA,NA,NA,NA,NA,"Menidia beryllina","Menidia","Menidiinae","Atherinopsidae","Atheriniformes","Actinopterygii"
"247","8805020304","Tidewater Silverside",NA,381,NA,NA,NA,NA,NA,NA,NA,NA,NA,"Menidia peninsulae","Menidia","Menidiinae","Atherinopsidae","Atheriniformes","Actinopterygii"
"248","8805020501","Hardhead Silverside",NA,19258,NA,NA,NA,NA,NA,NA,NA,NA,NA,"Atherinomorus stipes","Atherinomorus","Atherinomorinae","Atherinidae","Atheriniformes","Actinopterygii"
"249","8805020801","Brook Silverside",NA,732,NA,NA,NA,NA,NA,NA,NA,NA,NA,"Labidesthes sicculus","Labidesthes","Menidiinae","Atherinopsidae","Atheriniformes","Actinopterygii"
"250","8805021201","Reef Silverside",NA,142,NA,NA,NA,NA,NA,NA,NA,NA,NA,"Hypoatherina harringtonensis","Hypoatherina","Atherinomorinae","Atherinidae","Atheriniformes","Actinopterygii"
"251","8805030000","Atherinopsidae spp",NA,1,NA,NA,NA,NA,NA,NA,NA,NA,NA,"",NA,NA,NA,NA,NA
"252","8810080300",NA,NA,NA,NA,NA,NA,2,NA,NA,NA,NA,NA,NA,NA,NA,NA,NA,NA
"253","8819020100",NA,NA,1,NA,NA,NA,NA,NA,NA,NA,NA,NA,NA,NA,NA,NA,NA,NA
"254","8819020101","Bluespotted Cornetfish",2,4,NA,NA,NA,5,NA,NA,NA,NA,NA,"Fistularia tabacaria","Fistularia",NA,"Fistulariidae","Syngnathiformes","Actinopterygii"
"255","8820020000",NA,NA,6,NA,NA,NA,5,NA,NA,NA,NA,NA,NA,NA,NA,NA,NA,NA
"256","8820020100","Pipefishes",NA,15,NA,NA,NA,8,NA,NA,NA,NA,NA,"Syngnathus spp.",NA,NA,NA,NA,NA
"257","8820020102","Dusky Pipefish",16,5815,NA,NA,NA,27285,NA,NA,NA,NA,NA,"Syngnathus floridae","Syngnathus","Syngnathinae","Syngnathidae","Syngnathiformes","Actinopterygii"
"258","8820020103","Northern Pipefish",NA,NA,NA,NA,NA,1,NA,NA,NA,NA,NA,"Syngnathus fuscus","Syngnathus","Syngnathinae","Syngnathidae","Syngnathiformes","Actinopterygii"
"259","8820020104","Chain Pipefish",7,4640,NA,NA,NA,5802,NA,NA,NA,NA,NA,"Syngnathus louisianae","Syngnathus","Syngnathinae","Syngnathidae","Syngnathiformes","Actinopterygii"
"260","8820020108","Sargassum Pipefish",NA,NA,NA,NA,NA,1,NA,NA,NA,NA,NA,"Syngnathus pelagicus","Syngnathus","Syngnathinae","Syngnathidae","Syngnathiformes","Actinopterygii"
"261","8820020109","Bull Pipefish",NA,1,NA,NA,NA,20,NA,NA,NA,NA,NA,"Syngnathus springeri","Syngnathus","Syngnathinae","Syngnathidae","Syngnathiformes","Actinopterygii"
"262","8820020113","Gulf Pipefish",16,39031,NA,NA,NA,12974,7,5,NA,1,NA,"Syngnathus scovelli","Syngnathus","Syngnathinae","Syngnathidae","Syngnathiformes","Actinopterygii"
"263","8820020200",NA,NA,7,NA,NA,NA,7,NA,NA,NA,NA,NA,NA,NA,NA,NA,NA,NA
"264","8820020201","Lined Seahorse",134,317,NA,NA,NA,2144,NA,NA,NA,NA,NA,"Hippocampus erectus","Hippocampus","Hippocampinae","Syngnathidae","Syngnathiformes","Actinopterygii"
"265","8820020205","Dwarf Seahorse",1,2623,NA,NA,NA,823,NA,NA,NA,NA,NA,"Hippocampus zosterae","Hippocampus","Hippocampinae","Syngnathidae","Syngnathiformes","Actinopterygii"
"266","8820020601","Opposum Pipefish",NA,6,NA,NA,NA,NA,NA,NA,NA,NA,NA,"Microphis brachyurus","Microphis","Syngnathinae","Syngnathidae","Syngnathiformes","Actinopterygii"
"267","8820022300",NA,NA,NA,NA,NA,NA,1,NA,NA,NA,NA,NA,NA,NA,NA,NA,NA,NA
"268","8820022301","Whitenose Pipefish",NA,NA,NA,NA,NA,23,NA,NA,NA,NA,NA,"Cosmocampus albirostris","Cosmocampus","Syngnathinae","Syngnathidae","Syngnathiformes","Actinopterygii"
"269","8820022305","Shortfin Pipefish",NA,NA,NA,NA,NA,1,NA,NA,NA,NA,NA,"Cosmocampus elucens","Cosmocampus","Syngnathinae","Syngnathidae","Syngnathiformes","Actinopterygii"
"270","8820023901","Fringed Pipefish",2,107,NA,NA,NA,1726,NA,NA,NA,NA,NA,"Anarchopterus criniger","Anarchopterus","Syngnathinae","Syngnathidae","Syngnathiformes","Actinopterygii"
"271","8824010000","Swamp Eels",NA,1,NA,NA,NA,NA,NA,NA,NA,NA,NA,"Synbranchidae spp.",NA,NA,NA,NA,NA
"272","8826010000",NA,NA,NA,NA,NA,NA,1,NA,NA,NA,NA,NA,NA,NA,NA,NA,NA,NA
"273","8826010600",NA,NA,NA,NA,NA,NA,1,NA,NA,NA,NA,NA,NA,NA,NA,NA,NA,NA
"274","8826010605","Barbfish",225,21,NA,NA,NA,1537,NA,NA,NA,NA,NA,"Scorpaena brasiliensis","Scorpaena","Scorpaeninae","Scorpaenidae","Scorpaeniformes","Actinopterygii"
"275","8826010606","Smoothhead Scorpionfish",NA,NA,NA,NA,NA,1,NA,NA,NA,NA,NA,"Scorpaena calcarata","Scorpaena","Scorpaeninae","Scorpaenidae","Scorpaeniformes","Actinopterygii"
"276","8826010614","Spotted Scorpionfish",NA,NA,NA,NA,NA,1,NA,NA,NA,NA,NA,"Scorpaena plumieri","Scorpaena","Scorpaeninae","Scorpaenidae","Scorpaeniformes","Actinopterygii"
"277","8826020100","Searobins",NA,7,NA,NA,NA,18,NA,NA,NA,NA,NA,"Prionotus spp.",NA,NA,NA,NA,NA
"278","8826020103","Leopard Searobin",865,2552,NA,3,NA,49582,17,NA,NA,NA,NA,"Prionotus scitulus","Prionotus","Prionotinae","Triglidae","Scorpaeniformes","Actinopterygii"
"279","8826020104","Bighead Searobin",1664,1884,NA,3,NA,9278,10,1,NA,2,NA,"Prionotus tribulus","Prionotus","Prionotinae","Triglidae","Scorpaeniformes","Actinopterygii"
"280","8826020105","Spiny Searobin",NA,NA,NA,NA,NA,1,NA,NA,NA,NA,NA,"Prionotus alatus","Prionotus","Prionotinae","Triglidae","Scorpaeniformes","Actinopterygii"
"281","8826020111","Barred Searobin",NA,1,NA,NA,NA,627,NA,NA,NA,NA,NA,"Prionotus martis","Prionotus","Prionotinae","Triglidae","Scorpaeniformes","Actinopterygii"
"282","8826020118","Blackfin Searobin",NA,NA,NA,NA,NA,136,NA,NA,NA,NA,NA,"Prionotus rubio","Prionotus","Prionotinae","Triglidae","Scorpaeniformes","Actinopterygii"
"283","8826020123","Bigeye Searobin",1,3,NA,NA,NA,162,NA,NA,NA,NA,NA,"Prionotus longispinosus","Prionotus","Prionotinae","Triglidae","Scorpaeniformes","Actinopterygii"
"284","8832010101","Flying Gurnard",NA,NA,NA,NA,NA,1,NA,NA,NA,NA,NA,"Dactylopterus volitans","Dactylopterus",NA,"Dactylopteridae","Scorpaeniformes","Actinopterygii"
"285","8835010105","Common Snook",39464,2516,11,1033,235,34,270,49,324,378,NA,"Centropomus undecimalis","Centropomus",NA,"Centropomidae","Perciformes","Actinopterygii"
"286","8835020000","Sea Basses",NA,1,NA,NA,NA,4,NA,NA,NA,NA,NA,"Serranidae spp.",NA,NA,NA,NA,NA
"287","8835020300",NA,NA,NA,NA,NA,NA,1,NA,NA,NA,NA,NA,NA,NA,NA,NA,NA,NA
"288","8835020301","Black Sea Bass",2188,844,NA,1,NA,24700,NA,NA,NA,NA,NA,"Centropristis striata","Centropristis","Serraninae","Serranidae","Perciformes","Actinopterygii"
"289","8835020304","Bank Sea Bass",2,NA,NA,NA,NA,3,NA,NA,NA,NA,NA,"Centropristis ocyurus","Centropristis","Serraninae","Serranidae","Perciformes","Actinopterygii"
"290","8835020305","Rock Sea Bass",1,1,NA,NA,NA,197,NA,NA,NA,NA,NA,"Centropristis philadelphica","Centropristis","Serraninae","Serranidae","Perciformes","Actinopterygii"
"291","8835020401","Goliath Grouper",78,20,NA,NA,NA,17,NA,NA,11,NA,NA,"Epinephelus itajara","Epinephelus","Epinephelinae","Serranidae","Perciformes","Actinopterygii"
"292","8835020408","Red Grouper",74,3,NA,NA,NA,168,NA,NA,NA,NA,NA,"Epinephelus morio","Epinephelus","Epinephelinae","Serranidae","Perciformes","Actinopterygii"
"293","8835020500",NA,NA,2,NA,NA,NA,3,NA,NA,NA,NA,NA,NA,NA,NA,NA,NA,NA
"294","8835020501","Gag",4671,217,NA,32,4,1419,NA,NA,11,NA,NA,"Mycteroperca microlepis","Mycteroperca","Epinephelinae","Serranidae","Perciformes","Actinopterygii"
"295","8835020502","Black Grouper",2,NA,NA,NA,NA,3,NA,NA,NA,NA,NA,"Mycteroperca bonaci","Mycteroperca","Epinephelinae","Serranidae","Perciformes","Actinopterygii"
"296","8835020505","Scamp",1,NA,NA,NA,NA,NA,NA,NA,NA,NA,NA,"Mycteroperca phenax","Mycteroperca","Epinephelinae","Serranidae","Perciformes","Actinopterygii"
"297","8835021000",NA,NA,1,NA,NA,NA,11,NA,NA,NA,NA,NA,NA,NA,NA,NA,NA,NA
"298","8835021002","Sand Perch",102,78,NA,NA,NA,2660,NA,NA,3,NA,NA,"Diplectrum formosum","Diplectrum","Serraninae","Serranidae","Perciformes","Actinopterygii"
"299","8835021005","Dwarf Sand Perch",8,134,NA,NA,NA,252,NA,NA,NA,NA,NA,"Diplectrum bivittatum","Diplectrum","Serraninae","Serranidae","Perciformes","Actinopterygii"
"300","8835022201","Pygmy Sea Bass",1,96,NA,NA,NA,596,NA,NA,NA,NA,NA,"Serraniculus pumilio","Serraniculus","Serraninae","Serranidae","Perciformes","Actinopterygii"
"301","8835022309","Belted Sandfish",5,86,NA,NA,NA,778,NA,NA,NA,NA,NA,"Serranus subligarius","Serranus","Serraninae","Serranidae","Perciformes","Actinopterygii"
"302","8835030204","Whitespotted Soapfish",NA,NA,NA,NA,NA,1,NA,NA,NA,NA,NA,"Rypticus maculatus","Rypticus","Grammistinae","Serranidae","Perciformes","Actinopterygii"
"303","8835160203","Shadow Bass",NA,1,NA,NA,NA,NA,NA,NA,NA,NA,NA,"Ambloplites ariommus","Ambloplites",NA,"Centrarchidae","Perciformes","Actinopterygii"
"304","8835160402","Bluespotted Sunfish",NA,29,NA,NA,NA,1,NA,NA,NA,NA,NA,"Enneacanthus gloriosus","Enneacanthus",NA,"Centrarchidae","Perciformes","Actinopterygii"
"305","8835160500","Sunfishes",NA,323,NA,NA,NA,6,NA,NA,NA,NA,NA,"Lepomis spp.",NA,NA,NA,NA,NA
"306","8835160501","Redbreast Sunfish",NA,120,NA,NA,NA,3,NA,NA,NA,NA,NA,"Lepomis auritus","Lepomis",NA,"Centrarchidae","Perciformes","Actinopterygii"
"307","8835160504","Bluegill",1,1352,NA,NA,NA,65,22,NA,NA,NA,NA,"Lepomis macrochirus","Lepomis",NA,"Centrarchidae","Perciformes","Actinopterygii"
"308","8835160507","Dollar Sunfish",NA,31,NA,NA,NA,NA,NA,NA,NA,NA,NA,"Lepomis marginatus","Lepomis",NA,"Centrarchidae","Perciformes","Actinopterygii"
"309","8835160509","Redear Sunfish",17,372,NA,NA,NA,8,5,NA,NA,NA,NA,"Lepomis microlophus","Lepomis",NA,"Centrarchidae","Perciformes","Actinopterygii"
"310","8835160510","Spotted Sunfish",1,527,NA,NA,NA,7,NA,NA,NA,NA,NA,"Lepomis punctatus","Lepomis",NA,"Centrarchidae","Perciformes","Actinopterygii"
"311","8835160602","Largemouth Bass",45,943,NA,NA,NA,6,1,NA,NA,NA,NA,"Micropterus salmoides","Micropterus",NA,"Centrarchidae","Perciformes","Actinopterygii"
"312","8835160702","Black Crappie",6,14,NA,NA,NA,21,NA,NA,NA,NA,NA,"Pomoxis nigromaculatus","Pomoxis",NA,"Centrarchidae","Perciformes","Actinopterygii"
"313","8835161001","Warmouth",NA,13,NA,NA,NA,1,NA,NA,NA,NA,NA,"Lepomis gulosus","Lepomis",NA,"Centrarchidae","Perciformes","Actinopterygii"
"314","8835170101","Bigeye",NA,NA,NA,NA,NA,1,NA,NA,NA,NA,NA,"Priacanthus arenatus","Priacanthus",NA,"Priacanthidae","Perciformes","Actinopterygii"
"315","8835180201","Bronze Cardinalfish",NA,1,NA,NA,NA,6,NA,NA,NA,NA,NA,"Astrapogon alutus","Astrapogon","Apogoninae","Apogonidae","Perciformes","Actinopterygii"
"316","8835180503","Dusky Cardinalfish",NA,NA,NA,NA,NA,1,NA,NA,NA,NA,NA,"Phaeoptyx pigmentaria","Phaeoptyx","Apogoninae","Apogonidae","Perciformes","Actinopterygii"
"317","8835200000",NA,NA,NA,NA,NA,NA,1,NA,NA,NA,NA,NA,NA,NA,NA,NA,NA,NA
"318","8835200100",NA,NA,NA,NA,NA,NA,1,NA,NA,NA,NA,NA,NA,NA,NA,NA,NA,NA
"319","8835200101","Swamp Darter",NA,26,NA,NA,NA,NA,NA,NA,NA,NA,NA,"Etheostoma fusiforme","Etheostoma","Etheostomatinae","Percidae","Perciformes","Actinopterygii"
"320","8835200319","Blackbanded Darter",NA,3,NA,NA,NA,NA,NA,NA,NA,NA,NA,"Percina nigrofasciata","Percina","Etheostomatinae","Percidae","Perciformes","Actinopterygii"
"321","8835250101","Bluefish",1800,60,NA,12,5,8,NA,NA,9,NA,NA,"Pomatomus saltatrix","Pomatomus",NA,"Pomatomidae","Perciformes","Actinopterygii"
"322","8835260101","Cobia",97,6,NA,1,NA,16,NA,NA,3,NA,NA,"Rachycentron canadum","Rachycentron",NA,"Rachycentridae","Perciformes","Actinopterygii"
"323","8835270200","Sharksuckers",4,NA,NA,1,NA,6,NA,NA,NA,NA,NA,"Echeneis spp.",NA,NA,NA,NA,NA
"324","8835270201","Sharksucker",130,3,NA,NA,NA,8,1,NA,NA,NA,NA,"Echeneis naucrates","Echeneis",NA,"Echeneidae","Perciformes","Actinopterygii"
"325","8835270202","Whitefin Sharksucker",395,21,NA,3,NA,70,NA,NA,NA,NA,NA,"Echeneis neucratoides","Echeneis",NA,"Echeneidae","Perciformes","Actinopterygii"
"326","8835280000","Jacks",NA,1,NA,NA,NA,6,NA,NA,NA,NA,NA,"Carangidae spp.",NA,NA,NA,NA,NA
"327","8835280300",NA,2,1,NA,NA,NA,NA,NA,NA,NA,NA,NA,NA,NA,NA,NA,NA,NA
"328","8835280301","Yellow Jack",33,NA,NA,NA,NA,NA,NA,NA,NA,NA,NA,"Caranx bartholomaei",NA,NA,NA,NA,NA
"329","8835280303","Crevalle Jack",6508,179,NA,749,243,40,5,NA,199,16,NA,"Caranx hippos","Caranx","Caranginae","Carangidae","Perciformes","Actinopterygii"
"330","8835280304","Horse-eye Jack",278,16,NA,3,NA,NA,NA,NA,NA,NA,NA,"Caranx latus","Caranx","Caranginae","Carangidae","Perciformes","Actinopterygii"
"331","8835280306","Blue Runner",460,6,NA,1,NA,14,NA,NA,NA,NA,NA,"Caranx crysos","Caranx","Caranginae","Carangidae","Perciformes","Actinopterygii"
"332","8835280308","Bar Jack",NA,1,NA,NA,NA,NA,NA,NA,NA,NA,NA,"Caranx ruber","Caranx","Caranginae","Carangidae","Perciformes","Actinopterygii"
"333","8835280401","Atlantic Bumper",2409,3660,NA,17,NA,12511,3,NA,NA,NA,NA,"Chloroscombrus chrysurus","Chloroscombrus","Caranginae","Carangidae","Perciformes","Actinopterygii"
"334","8835280501","Leatherjacket",4122,12886,NA,29,NA,55,111,51,3,7,NA,"Oligoplites saurus","Oligoplites","Scomberoidinae","Carangidae","Perciformes","Actinopterygii"
"335","8835280701","Lookdown",2083,91,NA,5,NA,246,NA,NA,NA,NA,NA,"Selene vomer","Selene","Caranginae","Carangidae","Perciformes","Actinopterygii"
"336","8835280705","Atlantic Moonfish",18,NA,NA,NA,NA,86,NA,NA,NA,NA,NA,"Selene setapinnis","Selene","Caranginae","Carangidae","Perciformes","Actinopterygii"
"337","8835280901","Florida Pompano",1342,239,NA,67,NA,5,NA,NA,3,NA,NA,"Trachinotus carolinus","Trachinotus","Trachinotinae","Carangidae","Perciformes","Actinopterygii"
"338","8835280902","Permit",5241,1621,NA,73,187,10,NA,NA,NA,NA,NA,"Trachinotus falcatus","Trachinotus","Trachinotinae","Carangidae","Perciformes","Actinopterygii"
"339","8835281202","Round Scad",26,NA,NA,NA,NA,9,NA,NA,NA,NA,NA,"Decapterus punctatus","Decapterus","Caranginae","Carangidae","Perciformes","Actinopterygii"
"340","8835281401","Bluntnose Jack",45,36,NA,NA,NA,435,NA,NA,NA,NA,NA,"Hemicaranx amblyrhynchus","Hemicaranx","Caranginae","Carangidae","Perciformes","Actinopterygii"
"341","8835360100",NA,NA,1,NA,NA,NA,6,NA,NA,NA,NA,NA,NA,NA,NA,NA,NA,NA
"342","8835360102","Gray Snapper",18127,7479,NA,280,NA,5248,42,7,485,40,NA,"Lutjanus griseus","Lutjanus","Lutjaninae","Lutjanidae","Perciformes","Actinopterygii"
"343","8835360103","Mutton Snapper",55,12,NA,NA,NA,11,NA,NA,NA,NA,NA,"Lutjanus analis","Lutjanus","Lutjaninae","Lutjanidae","Perciformes","Actinopterygii"
"344","8835360104","Schoolmaster",4,1,NA,NA,NA,NA,NA,NA,NA,NA,NA,"Lutjanus apodus","Lutjanus","Lutjaninae","Lutjanidae","Perciformes","Actinopterygii"
"345","8835360107","Red Snapper",NA,NA,NA,NA,NA,43,NA,NA,NA,NA,NA,"Lutjanus campechanus","Lutjanus","Lutjaninae","Lutjanidae","Perciformes","Actinopterygii"
"346","8835360112","Lane Snapper",3890,4194,NA,NA,NA,15659,2,NA,NA,NA,NA,"Lutjanus synagris","Lutjanus","Lutjaninae","Lutjanidae","Perciformes","Actinopterygii"
"347","8835360401","Yellowtail Snapper",71,9,NA,NA,NA,75,NA,NA,NA,NA,NA,"Ocyurus chrysurus","Ocyurus","Lutjaninae","Lutjanidae","Perciformes","Actinopterygii"
"348","8835380101","Tripletail",36,1,NA,NA,NA,6,NA,NA,NA,NA,NA,"Lobotes surinamensis","Lobotes",NA,"Lobotidae","Perciformes","Actinopterygii"
"349","8835390000","Mojarras",3,218,NA,NA,NA,NA,NA,26,NA,NA,NA,"Gerreidae spp.",NA,NA,NA,NA,NA
"350","8835390100","Eucinostomus",73,934260,NA,NA,NA,149539,2921,5069,NA,3,NA,"Eucinostomus spp.",NA,NA,NA,NA,NA
"351","8835390101","Spotfin Mojarra",47,193,NA,NA,NA,498,NA,NA,NA,NA,NA,"Eucinostomus argenteus","Eucinostomus",NA,"Gerreidae","Perciformes","Actinopterygii"
"352","8835390102","Silver Jenny",112261,164562,NA,25,NA,80550,3021,11,NA,923,NA,"Eucinostomus gula","Eucinostomus",NA,"Gerreidae","Perciformes","Actinopterygii"
"353","8835390109","Slender Mojarra",10,225,NA,NA,NA,12,NA,NA,NA,NA,NA,"Eucinostomus jonesii","Eucinostomus",NA,"Gerreidae","Perciformes","Actinopterygii"
"354","8835390111","Tidewater Mojarra",48545,108745,NA,24,NA,9371,10644,462,NA,827,NA,"Eucinostomus harengulus","Eucinostomus",NA,"Gerreidae","Perciformes","Actinopterygii"
"355","8835390200",NA,NA,5,NA,NA,NA,NA,NA,NA,NA,NA,NA,NA,NA,NA,NA,NA,NA
"356","8835390203","Striped Mojarra",4461,12491,NA,318,NA,4368,1265,40,5,191,NA,"Eugerres plumieri","Eugerres",NA,"Gerreidae","Perciformes","Actinopterygii"
"357","8835390204","Irish Pompano",1853,714,NA,6,NA,94,1,564,NA,102,NA,"Diapterus auratus","Diapterus",NA,"Gerreidae","Perciformes","Actinopterygii"
"358","8835390301","Yellowfin Mojarra",654,16,NA,NA,NA,1,NA,NA,NA,NA,NA,"Gerres cinereus","Gerres",NA,"Gerreidae","Perciformes","Actinopterygii"
"359","8835400000",NA,NA,NA,NA,NA,NA,1,NA,NA,NA,NA,NA,NA,NA,NA,NA,NA,NA
"360","8835400100",NA,NA,13,NA,NA,NA,3,NA,NA,NA,NA,NA,NA,NA,NA,NA,NA,NA
"361","8835400101","Tomtate",82,72,NA,NA,NA,246,NA,NA,NA,NA,NA,"Haemulon aurolineatum","Haemulon","Haemulinae","Haemulidae","Perciformes","Actinopterygii"
"362","8835400102","White Grunt",2575,1824,NA,NA,NA,6336,NA,NA,1,NA,NA,"Haemulon plumierii","Haemulon","Haemulinae","Haemulidae","Perciformes","Actinopterygii"
"363","8835400113","Bluestriped Grunt",256,6,NA,NA,NA,8,NA,NA,NA,NA,NA,"Haemulon sciurus","Haemulon","Haemulinae","Haemulidae","Perciformes","Actinopterygii"
"364","8835400117","Sailors Choice",199,NA,NA,NA,NA,4,NA,NA,NA,NA,NA,"Haemulon parra","Haemulon","Haemulinae","Haemulidae","Perciformes","Actinopterygii"
"365","8835400201","Pigfish",120805,97797,NA,193,NA,221220,18,1,9,48,NA,"Orthopristis chrysoptera","Orthopristis","Haemulinae","Haemulidae","Perciformes","Actinopterygii"
"366","8835400306","Porkfish",1,NA,NA,NA,NA,NA,NA,NA,NA,NA,NA,"Anisotremus virginicus","Anisotremus","Haemulinae","Haemulidae","Perciformes","Actinopterygii"
"367","8835430000",NA,NA,32,NA,NA,NA,16,NA,NA,NA,NA,NA,NA,NA,NA,NA,NA,NA
"368","8835430101","Scup",NA,NA,NA,NA,NA,9,NA,NA,NA,NA,NA,"Stenotomus chrysops","Stenotomus",NA,"Sparidae","Perciformes","Actinopterygii"
"369","8835430102","Longspine Porgy",NA,NA,NA,NA,NA,99,NA,NA,NA,NA,NA,"Stenotomus caprinus","Stenotomus",NA,"Sparidae","Perciformes","Actinopterygii"
"370","8835430201","Pinfish",1609740,1206207,NA,5523,3,881937,2949,115,250,1255,NA,"Lagodon rhomboides","Lagodon",NA,"Sparidae","Perciformes","Actinopterygii"
"371","8835430301","Sheepshead",30538,6516,3,2196,740,3543,210,19,226,83,NA,"Archosargus probatocephalus","Archosargus",NA,"Sparidae","Perciformes","Actinopterygii"
"372","8835430302","Sea Bream",71,NA,NA,NA,NA,2,NA,NA,NA,NA,NA,"Archosargus rhomboidalis","Archosargus",NA,"Sparidae","Perciformes","Actinopterygii"
"373","8835430401","Spottail Pinfish",9454,1635,NA,1,NA,20984,NA,NA,NA,5,NA,"Diplodus holbrookii","Diplodus",NA,"Sparidae","Perciformes","Actinopterygii"
"374","8835430500",NA,7,98,NA,NA,NA,62,NA,NA,NA,NA,NA,NA,NA,NA,NA,NA,NA
"375","8835430501","Grass Porgy",2515,270,NA,1,NA,5980,NA,NA,NA,NA,NA,"Calamus arctifrons","Calamus",NA,"Sparidae","Perciformes","Actinopterygii"
"376","8835430502","Jolthead Porgy",NA,NA,NA,NA,NA,1,NA,NA,NA,NA,NA,"Calamus bajonado","Calamus",NA,"Sparidae","Perciformes","Actinopterygii"
"377","8835430505","Whitebone Porgy",NA,NA,NA,NA,NA,1,NA,NA,NA,NA,NA,"Calamus leucosteus","Calamus",NA,"Sparidae","Perciformes","Actinopterygii"
"378","8835430506","Knobbed Porgy",NA,NA,NA,NA,NA,2,NA,NA,NA,NA,NA,"Calamus nodosus","Calamus",NA,"Sparidae","Perciformes","Actinopterygii"
"379","8835430508","Littlehead Porgy",2,NA,NA,NA,NA,13,NA,NA,NA,NA,NA,"Calamus proridens","Calamus",NA,"Sparidae","Perciformes","Actinopterygii"
"380","8835430510","Sheepshead Porgy",178,48,NA,NA,NA,52,NA,NA,NA,NA,NA,"Calamus penna","Calamus",NA,"Sparidae","Perciformes","Actinopterygii"
"381","8835430601","Red Porgy",NA,NA,NA,NA,NA,1,NA,NA,NA,NA,NA,"Pagrus pagrus","Pagrus",NA,"Sparidae","Perciformes","Actinopterygii"
"382","8835440000","Drums",NA,586,NA,NA,NA,29,NA,NA,NA,NA,NA,"Sciaenidae spp.",NA,NA,NA,NA,NA
"383","8835440100",NA,5,1,NA,NA,NA,2,NA,NA,NA,NA,NA,NA,NA,NA,NA,NA,NA
"384","8835440102","Spotted Seatrout",13654,28043,1,959,18,6902,127,48,574,21,NA,"Cynoscion nebulosus","Cynoscion",NA,"Sciaenidae","Perciformes","Actinopterygii"
"385","8835440103","Silver Seatrout",NA,8,NA,NA,NA,69,NA,NA,NA,NA,NA,"Cynoscion nothus","Cynoscion",NA,"Sciaenidae","Perciformes","Actinopterygii"
"386","8835440106","Sand Seatrout",1428,17116,NA,7,NA,122788,99,NA,17,NA,NA,"Cynoscion arenarius","Cynoscion",NA,"Sciaenidae","Perciformes","Actinopterygii"
"387","8835440301","Silver Perch",208054,155696,NA,49,NA,99776,1163,4,1,18,NA,"Bairdiella chrysoura","Bairdiella",NA,"Sciaenidae","Perciformes","Actinopterygii"
"388","8835440304","Blue Croaker",NA,1,NA,NA,NA,NA,NA,NA,NA,NA,NA,"Corvula batabana","Corvula",NA,"Sciaenidae","Perciformes","Actinopterygii"
"389","8835440401","Spot",118892,472488,NA,373,NA,122561,4632,151,NA,202,NA,"Leiostomus xanthurus","Leiostomus",NA,"Sciaenidae","Perciformes","Actinopterygii"
"390","8835440501","Banded Drum",NA,NA,NA,NA,NA,26,NA,NA,NA,NA,NA,"Larimus fasciatus","Larimus",NA,"Sciaenidae","Perciformes","Actinopterygii"
"391","8835440600","Kingfishes",NA,35,NA,3,NA,124,NA,NA,NA,NA,NA,"Menticirrhus spp.",NA,NA,NA,NA,NA
"392","8835440601","Southern Kingfish",3583,17043,NA,3,NA,41429,67,NA,9,NA,NA,"Menticirrhus americanus","Menticirrhus",NA,"Sciaenidae","Perciformes","Actinopterygii"
"393","8835440602","Gulf Kingfish",349,240,NA,24,NA,53,NA,NA,2,NA,NA,"Menticirrhus littoralis","Menticirrhus",NA,"Sciaenidae","Perciformes","Actinopterygii"
"394","8835440603","Northern Kingfish",315,1558,NA,NA,NA,312,9,NA,NA,5,NA,"Menticirrhus saxatilis","Menticirrhus",NA,"Sciaenidae","Perciformes","Actinopterygii"
"395","8835440701","Atlantic Croaker",26823,7352,NA,1,NA,84915,NA,NA,NA,NA,NA,"Micropogonias undulatus","Micropogonias",NA,"Sciaenidae","Perciformes","Actinopterygii"
"396","8835440801","Black Drum",7201,459,NA,122,95,217,13,NA,26,9,NA,"Pogonias cromis","Pogonias",NA,"Sciaenidae","Perciformes","Actinopterygii"
"397","8835440900",NA,NA,NA,NA,1,NA,NA,NA,NA,NA,NA,NA,NA,NA,NA,NA,NA,NA
"398","8835440901","Red Drum",18792,26841,4,1206,5828,1037,1925,131,1224,595,821,"Sciaenops ocellatus","Sciaenops",NA,"Sciaenidae","Perciformes","Actinopterygii"
"399","8835441001","Star Drum",15,17,NA,NA,NA,3035,NA,NA,NA,NA,NA,"Stellifer lanceolatus","Stellifer",NA,"Sciaenidae","Perciformes","Actinopterygii"
"400","8835441202","Jackknife-fish",NA,NA,NA,NA,NA,1,NA,NA,NA,NA,NA,"Equetus lanceolatus","Equetus",NA,"Sciaenidae","Perciformes","Actinopterygii"
"401","8835441402","Cubbyu",NA,NA,NA,NA,NA,1,NA,NA,NA,NA,NA,"Pareques umbrosus","Pareques",NA,"Sciaenidae","Perciformes","Actinopterygii"
"402","8835450000",NA,NA,1,NA,NA,NA,NA,NA,NA,NA,NA,NA,NA,NA,NA,NA,NA,NA
"403","8835450201","Red Goatfish",NA,NA,NA,NA,NA,34,NA,NA,NA,NA,NA,"Mullus auratus","Mullus",NA,"Mullidae","Perciformes","Actinopterygii"
"404","8835450301","Spotted Goatfish",NA,1,NA,NA,NA,1,NA,NA,NA,NA,NA,"Pseudupeneus maculatus","Pseudupeneus",NA,"Mullidae","Perciformes","Actinopterygii"
"405","8835510100",NA,1,NA,NA,NA,NA,NA,NA,NA,NA,NA,NA,NA,NA,NA,NA,NA,NA
"406","8835510102","Bermuda Chub",4,NA,NA,NA,NA,NA,NA,NA,NA,NA,NA,"Kyphosus sectatrix","Kyphosus","Kyphosinae","Kyphosidae","Perciformes","Actinopterygii"
"407","8835520101","Atlantic Spadefish",14678,1354,NA,49,3,6144,7,NA,6,NA,NA,"Chaetodipterus faber","Chaetodipterus",NA,"Ephippidae","Perciformes","Actinopterygii"
"408","8835550101","Spotfin Butterflyfish",3,NA,NA,NA,NA,3,NA,NA,NA,NA,NA,"Chaetodon ocellatus","Chaetodon",NA,"Chaetodontidae","Perciformes","Actinopterygii"
"409","8835550103","Foureye Butterflyfish",1,NA,NA,NA,NA,NA,NA,NA,NA,NA,NA,"Chaetodon capistratus","Chaetodon",NA,"Chaetodontidae","Perciformes","Actinopterygii"
"410","8835550402","French Angelfish",NA,NA,NA,NA,NA,2,NA,NA,NA,NA,NA,"Pomacanthus paru","Pomacanthus",NA,"Pomacanthidae","Perciformes","Actinopterygii"
"411","8835610000","Cichlids",NA,16,NA,NA,NA,NA,NA,NA,NA,NA,NA,"Cichlidae spp.",NA,NA,NA,NA,NA
"412","8835610200",NA,NA,13,NA,NA,NA,NA,NA,NA,NA,NA,NA,NA,NA,NA,NA,NA,NA
"413","8835610221","Mayan Cichlid",21,130,NA,NA,NA,NA,1,2,NA,1,NA,"Cichlasoma urophthalmus",NA,NA,NA,NA,NA
"414","8835610301","Jewelfish",NA,51,NA,NA,NA,NA,1,NA,NA,NA,NA,"Hemichromis letourneuxi","Hemichromis","Pseudocrenilabrinae","Cichlidae","Perciformes","Actinopterygii"
"415","8835610401","Blue Tilapia",22,81,NA,NA,NA,2,2,NA,NA,NA,NA,"Oreochromis aureus","Oreochromis","Pseudocrenilabrinae","Cichlidae","Perciformes","Actinopterygii"
"416","8835610402","Spotted Tilapia",NA,107,NA,NA,NA,NA,NA,NA,NA,NA,NA,"Tilapia mariae","Tilapia","Pseudocrenilabrinae","Cichlidae","Perciformes","Actinopterygii"
"417","8835610403","Blackchin Tilapia",107,68,NA,2,NA,NA,NA,NA,NA,1,NA,"Sarotherodon melanotheron","Sarotherodon","Pseudocrenilabrinae","Cichlidae","Perciformes","Actinopterygii"
"418","8835614003","Nile Tilapia",1,NA,NA,NA,NA,NA,NA,NA,NA,NA,NA,"Oreochromis niloticus","Oreochromis","Pseudocrenilabrinae","Cichlidae","Perciformes","Actinopterygii"
"419","8835615000","Tilapias",78,262,NA,5,NA,3,36,4,NA,NA,NA,"Oreochromis/Sarotherodon spp.",NA,NA,NA,NA,NA
"420","8835621233","Cocoa Damselfish",NA,NA,NA,NA,NA,3,NA,NA,NA,NA,NA,"Stegastes variabilis","Stegastes","Pomacentrinae","Pomacentridae","Perciformes","Actinopterygii"
"421","8835740101","Everglades Pygmy Sunfish",NA,1,NA,NA,NA,1,NA,NA,NA,NA,NA,"Elassoma evergladei","Elassoma",NA,"Elassomatidae","Perciformes","Actinopterygii"
"422","8835740102","Okefenokee Pygmy Sunfish",NA,2,NA,NA,NA,NA,NA,NA,NA,NA,NA,"Elassoma okefenokee","Elassoma",NA,"Elassomatidae","Perciformes","Actinopterygii"
"423","8835740103","Banded Pygmy Sunfish",NA,2,NA,NA,NA,NA,NA,NA,NA,NA,NA,"Elassoma zonatum","Elassoma",NA,"Elassomatidae","Perciformes","Actinopterygii"
"424","8835750202","Striped Bass",9,3,NA,NA,NA,5,NA,NA,NA,NA,NA,"Morone saxatilis","Morone",NA,"Moronidae","Perciformes","Actinopterygii"
"425","8835750203","Hybrid",10,NA,NA,NA,NA,1,NA,NA,NA,NA,NA,"Morone chrysops x saxatilis",NA,NA,NA,NA,NA
"426","8836010100","Mullets",20,1040,NA,5,NA,NA,7,5,NA,NA,NA,"Mugil spp.",NA,NA,NA,NA,NA
"427","8836010101","Striped Mullet",81999,112722,6,84493,253,31,1594,1427,3,114,NA,"Mugil cephalus","Mugil",NA,"Mugilidae","Mugiliformes","Actinopterygii"
"428","8836010102","White Mullet",22784,3994,NA,6832,NA,10,69,9,NA,43,NA,"Mugil curema","Mugil",NA,"Mugilidae","Mugiliformes","Actinopterygii"
"429","8836010105","Fantail Mullet",14887,14466,NA,7938,1,2,304,2,NA,17,NA,"Mugil trichodon","Mugil",NA,"Mugilidae","Mugiliformes","Actinopterygii"
"430","8837010000",NA,NA,2,NA,NA,NA,NA,NA,NA,NA,NA,NA,NA,NA,NA,NA,NA,NA
"431","8837010100",NA,NA,6,NA,NA,NA,4,NA,NA,NA,NA,NA,NA,NA,NA,NA,NA,NA
"432","8837010102","Sennet",9,225,NA,NA,NA,436,NA,NA,NA,NA,NA,"Sphyraena borealis","Sphyraena",NA,"Sphyraenidae","Perciformes","Actinopterygii"
"433","8837010103","Guaguanche",7,25,NA,NA,NA,14,NA,NA,NA,NA,NA,"Sphyraena guachancho","Sphyraena",NA,"Sphyraenidae","Perciformes","Actinopterygii"
"434","8837010104","Great Barracuda",3783,218,NA,8,NA,20,NA,NA,NA,NA,NA,"Sphyraena barracuda","Sphyraena",NA,"Sphyraenidae","Perciformes","Actinopterygii"
"435","8838010101","Atlantic Threadfin",1,NA,NA,NA,NA,NA,NA,NA,NA,NA,NA,"Polydactylus octonemus","Polydactylus",NA,"Polynemidae","Perciformes","Actinopterygii"
"436","8839010702","Slippery Dick",34,579,NA,NA,NA,727,NA,NA,NA,NA,NA,"Halichoeres bivittatus","Halichoeres","Corinae","Labridae","Perciformes","Actinopterygii"
"437","8839010802","Pearly Razorfish",NA,1,NA,NA,NA,8,NA,NA,NA,NA,NA,"Xyrichtys novacula","Xyrichtys","Xyrichtyinae","Labridae","Perciformes","Actinopterygii"
"438","8839010901","Hogfish",47,5,NA,NA,NA,680,NA,NA,NA,NA,NA,"Lachnolaimus maximus","Lachnolaimus",NA,"Labridae","Perciformes","Actinopterygii"
"439","8839030000","Parrotfishes",6,NA,NA,NA,NA,NA,NA,NA,NA,NA,NA,"Labridae spp. (parrotfishes)",NA,NA,NA,NA,NA
"440","8839030100",NA,NA,NA,NA,NA,NA,2,NA,NA,NA,NA,NA,NA,NA,NA,NA,NA,NA
"441","8839030201","Bluelip Parrotfish",NA,1,NA,NA,NA,5,NA,NA,NA,NA,NA,"Cryptotomus roseus","Cryptotomus","Sparisomatinae","Scaridae","Perciformes","Actinopterygii"
"442","8839030301","Emerald Parrotfish",7328,812,NA,NA,NA,5410,NA,NA,NA,5,NA,"Nicholsina usta",NA,NA,NA,NA,NA
"443","8839030403","Redtail Parrotfish",4,NA,NA,NA,NA,13,NA,NA,NA,NA,NA,"Sparisoma chrysopterum","Sparisoma","Sparisomatinae","Scaridae","Perciformes","Actinopterygii"
"444","8839030404","Bucktooth Parrotfish",15,2,NA,NA,NA,28,NA,NA,NA,NA,NA,"Sparisoma radians","Sparisoma","Sparisomatinae","Scaridae","Perciformes","Actinopterygii"
"445","8839030405","Redfin Parrotfish",1,NA,NA,NA,NA,NA,NA,NA,NA,NA,NA,"Sparisoma rubripinne","Sparisoma","Sparisomatinae","Scaridae","Perciformes","Actinopterygii"
"446","8840020200","Spotfin Jawfishes",NA,NA,NA,NA,NA,1,NA,NA,NA,NA,NA,"Opistognathus spp.",NA,NA,NA,NA,NA
"447","8840020299","Spotfin Jawfish",1,1,NA,NA,NA,14,NA,NA,NA,NA,NA,"Opistognathus robinsi","Opistognathus",NA,"Opistognathidae","Perciformes","Actinopterygii"
"448","8840130000",NA,NA,1,NA,NA,NA,NA,NA,NA,NA,NA,NA,NA,NA,NA,NA,NA,NA
"449","8840130200",NA,NA,1,NA,NA,NA,NA,NA,NA,NA,NA,NA,NA,NA,NA,NA,NA,NA
"450","8840130204","Speckled Stargazer",NA,19,NA,NA,NA,NA,NA,NA,NA,NA,NA,"Dactyloscopus moorei","Dactyloscopus",NA,"Dactyloscopidae","Perciformes","Actinopterygii"
"451","8840140102","Southern Stargazer",65,133,NA,NA,NA,70,NA,NA,NA,1,NA,"Astroscopus y-graecum","Astroscopus",NA,"Uranoscopidae","Perciformes","Actinopterygii"
"452","8842010000","Combtooth Blennies",NA,2,NA,NA,NA,5,NA,NA,NA,NA,NA,"Blenniidae spp.",NA,NA,NA,NA,NA
"453","8842010201","Feather Blenny",29,347,NA,NA,NA,428,NA,NA,NA,NA,NA,"Hypsoblennius hentz","Hypsoblennius","Salariinae","Blenniidae","Perciformes","Actinopterygii"
"454","8842010202","Freckled Blenny",NA,2,NA,NA,NA,1,NA,NA,NA,NA,NA,"Hypsoblennius ionthas","Hypsoblennius","Salariinae","Blenniidae","Perciformes","Actinopterygii"
"455","8842010302","Florida Blenny",121,5515,NA,2,NA,1401,1,NA,NA,NA,NA,"Chasmodes saburrae","Chasmodes","Salariinae","Blenniidae","Perciformes","Actinopterygii"
"456","8842010500",NA,NA,NA,NA,NA,NA,6,NA,NA,NA,NA,NA,NA,NA,NA,NA,NA,NA
"457","8842010501","Crested Blenny",NA,5,NA,NA,NA,29,NA,NA,NA,NA,NA,"Hypleurochilus geminatus","Hypleurochilus","Salariinae","Blenniidae","Perciformes","Actinopterygii"
"458","8842010598","Zebratail Blenny",NA,11,NA,NA,NA,309,NA,NA,NA,NA,NA,"Hypleurochilus caudovittatus","Hypleurochilus","Salariinae","Blenniidae","Perciformes","Actinopterygii"
"459","8842010599","Plumed Blenny",NA,NA,NA,NA,NA,1,NA,NA,NA,NA,NA,"Hypeurochilus multifilis",NA,NA,NA,NA,NA
"460","8842011402","Highfin Blenny",NA,10,NA,NA,NA,3,NA,NA,NA,NA,NA,"Lupinoblennius nicholsi","Lupinoblennius","Salariinae","Blenniidae","Perciformes","Actinopterygii"
"461","8842012501","Seaweed Blenny",NA,10,NA,NA,NA,68,NA,NA,NA,NA,NA,"Parablennius marmoreus","Parablennius","Salariinae","Blenniidae","Perciformes","Actinopterygii"
"462","8842090500",NA,NA,NA,NA,NA,NA,1,NA,NA,NA,NA,NA,NA,NA,NA,NA,NA,NA
"463","8842090503","Banded Blenny",1,8,NA,NA,NA,1909,NA,NA,NA,NA,NA,"Paraclinus fasciatus","Paraclinus",NA,"Labrisomidae","Perciformes","Actinopterygii"
"464","8842090506","Marbled Blenny",4,110,NA,NA,NA,601,NA,NA,NA,NA,NA,"Paraclinus marmoratus","Paraclinus",NA,"Labrisomidae","Perciformes","Actinopterygii"
"465","8842090602","Checkered Blenny",NA,NA,NA,NA,NA,8,NA,NA,NA,NA,NA,"Starksia ocellata","Starksia",NA,"Labrisomidae","Perciformes","Actinopterygii"
"466","8842100101","Chameleon Blenny",NA,1,NA,NA,NA,NA,NA,NA,NA,NA,NA,"Protemblemaria punctata",NA,NA,NA,NA,NA
"467","8846010702","Spotted Dragonet",NA,64,NA,NA,NA,63,NA,NA,NA,NA,NA,"Diplogrammus pauciradiatus","Diplogrammus",NA,"Callionymidae","Perciformes","Actinopterygii"
"468","8847010000","Gobies",NA,5,NA,NA,NA,34,NA,NA,NA,NA,NA,"Gobiidae spp.",NA,NA,NA,NA,NA
"469","8847010500",NA,NA,7,NA,NA,NA,1,NA,NA,NA,NA,NA,NA,NA,NA,NA,NA,NA
"470","8847010501","Darter Goby",NA,10453,NA,NA,NA,1463,NA,NA,NA,NA,NA,"Ctenogobius boleosoma","Ctenogobius","Gobionellinae","Gobiidae","Perciformes","Actinopterygii"
"471","8847010503","Highfin Goby",2,64,NA,NA,NA,258,1,NA,NA,NA,NA,"Gobionellus oceanicus","Gobionellus","Gobionellinae","Gobiidae","Perciformes","Actinopterygii"
"472","8847010504","Freshwater Goby",NA,17,NA,NA,NA,12,NA,NA,NA,NA,NA,"Ctenogobius shufeldti","Ctenogobius","Gobionellinae","Gobiidae","Perciformes","Actinopterygii"
"473","8847010506","Marked Goby",NA,NA,NA,NA,NA,5,NA,NA,NA,NA,NA,"Ctenogobius stigmaticus","Ctenogobius","Gobionellinae","Gobiidae","Perciformes","Actinopterygii"
"474","8847010511","Emerald Goby",NA,89,NA,NA,NA,8,NA,NA,NA,NA,NA,"Ctenogobius smaragdus","Ctenogobius","Gobionellinae","Gobiidae","Perciformes","Actinopterygii"
"475","8847010600","Gobiosoma Gobies",NA,14738,NA,NA,NA,4775,NA,153,NA,NA,NA,"Gobiosoma spp.",NA,NA,NA,NA,NA
"476","8847010601","Naked Goby",2,7383,NA,NA,NA,716,6,147,NA,NA,NA,"Gobiosoma bosc","Gobiosoma","Gobiinae","Gobiidae","Perciformes","Actinopterygii"
"477","8847010603","Code Goby",NA,24129,NA,NA,NA,4824,1,10,NA,NA,NA,"Gobiosoma robustum","Gobiosoma","Gobiinae","Gobiidae","Perciformes","Actinopterygii"
"478","8847010606","Twoscale Goby",NA,36,NA,NA,NA,771,NA,NA,NA,NA,NA,"Gobiosoma longipala","Gobiosoma","Gobiinae","Gobiidae","Perciformes","Actinopterygii"
"479","8847010607","Tiger Goby",NA,NA,NA,NA,NA,36,NA,NA,NA,NA,NA,"Elacatinus macrodon",NA,NA,NA,NA,NA
"480","8847010700",NA,NA,2,NA,NA,NA,25,NA,NA,NA,NA,NA,NA,NA,NA,NA,NA,NA
"481","8847010701","Clown Goby",1,132801,NA,NA,NA,8338,37,391,NA,NA,NA,"Microgobius gulosus","Microgobius","Gobiinae","Gobiidae","Perciformes","Actinopterygii"
"482","8847010702","Green Goby",NA,1283,NA,NA,NA,5520,NA,NA,NA,NA,NA,"Microgobius thalassinus","Microgobius","Gobiinae","Gobiidae","Perciformes","Actinopterygii"
"483","8847010703","Seminole Goby",NA,1,NA,NA,NA,4,NA,NA,NA,NA,NA,"Microgobius carri","Microgobius","Gobiinae","Gobiidae","Perciformes","Actinopterygii"
"484","8847010704","Banner Goby",NA,400,NA,NA,NA,203,NA,NA,NA,NA,NA,"Microgobius microlepis","Microgobius","Gobiinae","Gobiidae","Perciformes","Actinopterygii"
"485","8847010900",NA,NA,36,NA,NA,NA,6,NA,NA,NA,NA,NA,NA,NA,NA,NA,NA,NA
"486","8847010901","Notchtongue Goby",NA,1,NA,NA,NA,NA,NA,NA,NA,NA,NA,"Bathygobius curacao","Bathygobius","Gobiinae","Gobiidae","Perciformes","Actinopterygii"
"487","8847010903","Frillfin Goby",3,1273,NA,NA,NA,95,25,17,1,1,NA,"Bathygobius soporator","Bathygobius","Gobiinae","Gobiidae","Perciformes","Actinopterygii"
"488","8847011201","Violet Goby",NA,NA,NA,NA,NA,4,NA,NA,NA,NA,NA,"Gobioides broussonetii",NA,NA,NA,NA,NA
"489","8847011801","Emerald Sleeper",NA,NA,NA,NA,NA,3,NA,NA,NA,NA,NA,"Erotelis smaragdus","Erotelis","Eleotrinae","Eleotridae","Perciformes","Actinopterygii"
"490","8847012501","Crested Goby",1,440,NA,NA,NA,88,NA,17,NA,NA,NA,"Lophogobius cyprinoides","Lophogobius","Gobiinae","Gobiidae","Perciformes","Actinopterygii"
"491","8847013302","Fat Sleeper",NA,4,NA,NA,NA,NA,NA,NA,NA,NA,NA,"Dormitator maculatus","Dormitator","Eleotrinae","Eleotridae","Perciformes","Actinopterygii"
"492","8847013708","Largescaled Spinycheek Sleeper",NA,2,NA,NA,NA,1,NA,NA,NA,NA,NA,"Eleotris amblyopsis","Eleotris","Eleotrinae","Eleotridae","Perciformes","Actinopterygii"
"493","8849010102","Doctorfish",2,NA,NA,NA,NA,1,NA,NA,NA,NA,NA,"Acanthurus chirurgus","Acanthurus","Acanthurinae","Acanthuridae","Perciformes","Actinopterygii"
"494","8850020201","Atlantic Cutlassfish",1,NA,NA,NA,NA,39,NA,NA,NA,NA,NA,"Trichiurus lepturus","Trichiurus","Trichiurinae","Trichiuridae","Perciformes","Actinopterygii"
"495","8850030102","Little Tunny",3,NA,NA,NA,NA,NA,NA,NA,NA,NA,NA,"Euthynnus alletteratus","Euthynnus","Scombrinae","Scombridae","Perciformes","Actinopterygii"
"496","8850030502","Spanish Mackerel",1948,125,NA,3,NA,11,3,NA,3,NA,NA,"Scomberomorus maculatus","Scomberomorus","Scombrinae","Scombridae","Perciformes","Actinopterygii"
"497","8851020104","Spotted Driftfish",NA,NA,NA,NA,NA,1,NA,NA,NA,NA,NA,"Ariomma regulus","Ariomma",NA,"Ariommatidae","Perciformes","Actinopterygii"
"498","8851030100",NA,NA,1,NA,NA,NA,4,NA,NA,NA,NA,NA,NA,NA,NA,NA,NA,NA
"499","8851030104","Gulf Butterfish",442,37,NA,NA,NA,872,NA,NA,NA,NA,NA,"Peprilus burti","Peprilus",NA,"Stromateidae","Perciformes","Actinopterygii"
"500","8851030106","Harvestfish",2289,19,NA,NA,NA,436,NA,NA,NA,NA,NA,"Peprilus paru","Peprilus",NA,"Stromateidae","Perciformes","Actinopterygii"
"501","8.855e+09",NA,NA,3,NA,NA,NA,NA,NA,NA,NA,NA,NA,NA,NA,NA,NA,NA,NA
"502","8857030000","Sand Flounders",NA,8,NA,NA,NA,5,NA,NA,NA,NA,NA,"Bothidae spp.",NA,NA,NA,NA,NA
"503","8857030100",NA,NA,8,NA,NA,NA,2,NA,NA,NA,NA,NA,NA,NA,NA,NA,NA,NA
"504","8857030106","Horned Whiff",NA,NA,NA,NA,NA,2,NA,NA,NA,NA,NA,"Citharichthys cornutus","Citharichthys",NA,"Paralichthyidae","Pleuronectiformes","Actinopterygii"
"505","8857030109","Spotted Whiff",506,148,NA,NA,NA,3423,NA,NA,NA,NA,NA,"Citharichthys macrops","Citharichthys",NA,"Paralichthyidae","Pleuronectiformes","Actinopterygii"
"506","8857030110","Bay Whiff",1373,167,NA,NA,NA,1233,NA,NA,NA,NA,NA,"Citharichthys spilopterus","Citharichthys",NA,"Paralichthyidae","Pleuronectiformes","Actinopterygii"
"507","8857030200",NA,NA,9,NA,NA,NA,13,NA,NA,NA,NA,NA,NA,NA,NA,NA,NA,NA
"508","8857030201","Fringed Flounder",7768,855,NA,NA,NA,30234,NA,NA,NA,NA,NA,"Etropus crossotus","Etropus",NA,"Paralichthyidae","Pleuronectiformes","Actinopterygii"
"509","8857030202","Smallmouth Flounder",5,1,NA,NA,NA,139,NA,NA,NA,NA,NA,"Etropus microstomus","Etropus",NA,"Paralichthyidae","Pleuronectiformes","Actinopterygii"
"510","8857030204","Gray Flounder",NA,2,NA,NA,NA,24,NA,NA,NA,NA,NA,"Etropus rimosus","Etropus",NA,"Paralichthyidae","Pleuronectiformes","Actinopterygii"
"511","8857030205","Shelf Flounder",11,3,NA,NA,NA,434,NA,NA,NA,NA,NA,"Etropus cyclosquamus","Etropus",NA,"Paralichthyidae","Pleuronectiformes","Actinopterygii"
"512","8857030300",NA,NA,13,NA,NA,NA,2,NA,NA,NA,NA,NA,NA,NA,NA,NA,NA,NA
"513","8857030302","Gulf Flounder",10091,3743,NA,138,20,12084,25,NA,38,10,NA,"Paralichthys albigutta","Paralichthys",NA,"Paralichthyidae","Pleuronectiformes","Actinopterygii"
"514","8857030304","Southern Flounder",925,182,NA,NA,NA,339,NA,NA,NA,NA,NA,"Paralichthys lethostigma","Paralichthys",NA,"Paralichthyidae","Pleuronectiformes","Actinopterygii"
"515","8857030306","Broad Flounder",60,59,NA,NA,NA,3,NA,NA,NA,NA,NA,"Paralichthys squamilentus","Paralichthys",NA,"Paralichthyidae","Pleuronectiformes","Actinopterygii"
"516","8857030506","Ocellated Flounder",522,20,NA,2,NA,1783,NA,NA,NA,NA,NA,"Ancylopsetta quadrocellata",NA,NA,NA,NA,NA
"517","8857030604","Twospot Flounder",1,NA,NA,NA,NA,10,NA,NA,NA,NA,NA,"Bothus robinsi","Bothus",NA,"Bothidae","Pleuronectiformes","Actinopterygii"
"518","8857030801","Mexican Flounder",NA,NA,NA,NA,NA,1,NA,NA,NA,NA,NA,"Cyclopsetta chittendeni","Cyclopsetta",NA,"Paralichthyidae","Pleuronectiformes","Actinopterygii"
"519","8857031300",NA,NA,NA,NA,NA,NA,2,NA,NA,NA,NA,NA,NA,NA,NA,NA,NA,NA
"520","8857031301","Shoal Flounder",NA,NA,NA,NA,NA,2,NA,NA,NA,NA,NA,"Syacium gunteri","Syacium",NA,"Paralichthyidae","Pleuronectiformes","Actinopterygii"
"521","8857031303","Dusky Flounder",3,NA,NA,NA,NA,16,NA,NA,NA,NA,NA,"Syacium papillosum","Syacium",NA,"Paralichthyidae","Pleuronectiformes","Actinopterygii"
"522","8857050000","Lefteyed Flounders",NA,3,NA,NA,NA,NA,NA,NA,NA,NA,NA,"Paralichthyidae spp.",NA,NA,NA,NA,NA
"523","8858010000","American Soles",NA,7,NA,NA,NA,1,NA,NA,NA,NA,NA,"Achiridae spp.",NA,NA,NA,NA,NA
"524","8858020101","Blackcheek Tonguefish",318,4484,NA,NA,NA,15692,34,NA,NA,NA,NA,"Symphurus plagiusa","Symphurus","Symphurinae","Cynoglossidae","Pleuronectiformes","Actinopterygii"
"525","8858020102","Offshore Tonguefish",NA,NA,NA,NA,NA,36,NA,NA,NA,NA,NA,"Symphurus civitatium","Symphurus","Symphurinae","Cynoglossidae","Pleuronectiformes","Actinopterygii"
"526","8858020106","Pygmy Tonguefish",NA,NA,NA,NA,NA,12,NA,NA,NA,NA,NA,"Symphurus parvus","Symphurus","Symphurinae","Cynoglossidae","Pleuronectiformes","Actinopterygii"
"527","8858030101","Hogchoker",759,16844,NA,1,NA,58443,362,164,NA,NA,NA,"Trinectes maculatus","Trinectes",NA,"Achiridae","Pleuronectiformes","Actinopterygii"
"528","8858030102","Scrawled Sole",1,NA,NA,NA,NA,NA,NA,NA,NA,NA,NA,"Trinectes inscriptus","Trinectes",NA,"Achiridae","Pleuronectiformes","Actinopterygii"
"529","8858030202","Lined Sole",195,4727,NA,NA,NA,4376,103,9,NA,7,NA,"Achirus lineatus","Achirus",NA,"Achiridae","Pleuronectiformes","Actinopterygii"
"530","8858030301","Naked Sole",NA,NA,NA,NA,NA,3,NA,NA,NA,NA,NA,"Gymnachirus melas","Gymnachirus",NA,"Achiridae","Pleuronectiformes","Actinopterygii"
"531","8858030303","Fringed Sole",NA,NA,NA,NA,NA,1,NA,NA,NA,NA,NA,"Gymnachirus texae","Gymnachirus",NA,"Achiridae","Pleuronectiformes","Actinopterygii"
"532","8860020000","Triggerfishes",NA,NA,NA,NA,NA,7,NA,NA,NA,NA,NA,"Balistidae spp.",NA,NA,NA,NA,NA
"533","8860020101","Orange Filefish",408,131,NA,1,NA,1401,NA,NA,NA,NA,NA,"Aluterus schoepfii","Aluterus",NA,"Monacanthidae","Tetraodontiformes","Actinopterygii"
"534","8860020104","Scrawled Filefish",1,NA,NA,NA,NA,1,NA,NA,NA,NA,NA,"Aluterus scriptus","Aluterus",NA,"Monacanthidae","Tetraodontiformes","Actinopterygii"
"535","8860020700",NA,NA,2,NA,NA,NA,1,NA,NA,NA,NA,NA,NA,NA,NA,NA,NA,NA
"536","8860020701","Fringed Filefish",441,309,NA,NA,NA,12757,NA,NA,NA,1,NA,"Monacanthus ciliatus","Monacanthus",NA,"Monacanthidae","Tetraodontiformes","Actinopterygii"
"537","8860020703","Planehead Filefish",7790,5887,NA,8,NA,36312,NA,NA,NA,6,NA,"Stephanolepis hispidus","Stephanolepis",NA,"Monacanthidae","Tetraodontiformes","Actinopterygii"
"538","8860020704","Pygmy Filefish",2,5,NA,NA,NA,NA,NA,NA,NA,NA,NA,"Stephanolepis setifer","Stephanolepis",NA,"Monacanthidae","Tetraodontiformes","Actinopterygii"
"539","8860030000","Boxfishes",1,6,NA,NA,NA,17,NA,NA,NA,NA,NA,"Ostraciidae spp.",NA,NA,NA,NA,NA
"540","8860030100","Trunkfishes",NA,9,NA,NA,NA,2,NA,NA,NA,NA,NA,"Lactophrys spp.",NA,NA,NA,NA,NA
"541","8860030101","Trunkfish",48,11,NA,NA,NA,29,NA,NA,NA,NA,NA,"Lactophrys trigonus","Lactophrys",NA,"Ostraciidae","Tetraodontiformes","Actinopterygii"
"542","8860030103","Smooth Trunkfish",NA,1,NA,NA,NA,5,NA,NA,NA,NA,NA,"Lactophrys triqueter",NA,NA,NA,NA,NA
"543","8860030200","Cowfish",NA,1,NA,NA,NA,2,NA,NA,NA,NA,NA,"Acanthostracion spp.",NA,NA,NA,NA,NA
"544","8860030201","Scrawled Cowfish",9446,684,NA,11,2,8377,NA,NA,NA,8,NA,"Acanthostracion quadricornis","Acanthostracion",NA,"Ostraciidae","Tetraodontiformes","Actinopterygii"
"545","8860030202","Honeycomb Cowfish",NA,NA,NA,NA,NA,2,NA,NA,NA,NA,NA,"Acanthostracion polygonius","Acanthostracion",NA,"Ostraciidae","Tetraodontiformes","Actinopterygii"
"546","8860040000","Filefishes",NA,NA,NA,NA,NA,2,NA,NA,NA,NA,NA,"Monacanthidae spp.",NA,NA,NA,NA,NA
"547","8861010101","Smooth Puffer",1,NA,NA,NA,NA,2,NA,NA,NA,NA,NA,"Lagocephalus laevigatus","Lagocephalus","Tetraodontinae","Tetraodontidae","Tetraodontiformes","Actinopterygii"
"548","8861010200",NA,NA,168,NA,NA,NA,44,NA,NA,NA,NA,NA,NA,NA,NA,NA,NA,NA
"549","8861010201","Northern Puffer",NA,1,NA,NA,NA,NA,NA,NA,NA,NA,NA,"Sphoeroides maculatus","Sphoeroides","Tetraodontinae","Tetraodontidae","Tetraodontiformes","Actinopterygii"
"550","8861010202","Checkered Puffer",1,NA,NA,NA,NA,NA,NA,NA,NA,NA,NA,"Sphoeroides testudineus","Sphoeroides","Tetraodontinae","Tetraodontidae","Tetraodontiformes","Actinopterygii"
"551","8861010208","Southern Puffer",11398,11525,NA,223,NA,7035,56,2,73,8,NA,"Sphoeroides nephelus","Sphoeroides","Tetraodontinae","Tetraodontidae","Tetraodontiformes","Actinopterygii"
"552","8861010210","Least Puffer",55,109,NA,NA,NA,216,NA,NA,NA,NA,NA,"Sphoeroides parvus","Sphoeroides","Tetraodontinae","Tetraodontidae","Tetraodontiformes","Actinopterygii"
"553","8861010211","Bandtail Puffer",66,44,NA,NA,NA,250,NA,NA,NA,NA,NA,"Sphoeroides spengleri","Sphoeroides","Tetraodontinae","Tetraodontidae","Tetraodontiformes","Actinopterygii"
"554","8861030100",NA,NA,1,NA,NA,NA,1,NA,NA,NA,NA,NA,NA,NA,NA,NA,NA,NA
"555","8861030101","Striped Burrfish",18045,2114,NA,343,3,23127,NA,NA,6,2,NA,"Chilomycterus schoepfii","Chilomycterus",NA,"Diodontidae","Tetraodontiformes","Actinopterygii"
"556","8861030200",NA,1,NA,NA,NA,NA,NA,NA,NA,NA,NA,NA,NA,NA,NA,NA,NA,NA
"557","8861030201","Porcupinefish",NA,NA,NA,NA,NA,1,NA,NA,NA,NA,NA,"Diodon hystrix","Diodon",NA,"Diodontidae","Tetraodontiformes","Actinopterygii"
"558","8861030202","Balloonfish",14,2,NA,NA,NA,5,NA,NA,NA,NA,NA,"Diodon holocanthus","Diodon",NA,"Diodontidae","Tetraodontiformes","Actinopterygii"
"559","9002010201","Alligator Snapping Turtle",1,NA,NA,NA,NA,NA,NA,NA,NA,NA,NA,"Macrochelys temminckii",NA,NA,NA,NA,NA
"560","9002030300","Terrapin",NA,NA,NA,1,NA,NA,NA,NA,NA,NA,NA,"Malaclemys spp.",NA,NA,NA,NA,NA
"561","9002030301","Diamondback Terrapin",219,1,NA,10,NA,7,NA,NA,NA,NA,NA,"Malaclemys terrapin",NA,NA,NA,NA,NA
"562","9002030501","Chicken Turtle",NA,NA,NA,NA,NA,7,NA,NA,NA,NA,NA,"Deirochelys reticularia",NA,NA,NA,NA,NA
"563","9002030800","Cooters - Turtles",NA,2,NA,NA,NA,NA,NA,NA,NA,NA,NA,"Pseudemys spp.",NA,NA,NA,NA,NA
"564","9002030802","Suwannee Cooter",1,2,NA,NA,NA,NA,NA,NA,NA,NA,NA,"Pseudemys suwanniensis",NA,NA,NA,NA,NA
"565","9002030803","Peninsula Cooter",1,1,NA,NA,NA,5,NA,NA,NA,NA,NA,"Pseudemys peninsularis",NA,NA,NA,NA,NA
"566","9002030804","Florida Redbelly Turtle",1,NA,NA,NA,NA,NA,NA,NA,NA,NA,NA,"Pseudemys nelsoni",NA,NA,NA,NA,NA
"567","9002040101","Loggerhead Sea Turtle",7,NA,NA,NA,NA,3,NA,NA,NA,NA,NA,"Caretta caretta",NA,NA,NA,NA,NA
"568","9002040201","Green Sea Turtle",85,1,NA,3,NA,9,NA,NA,NA,NA,NA,"Chelonia mydas",NA,NA,NA,NA,NA
"569","9002040400","Ridley Sea Turtles",NA,NA,NA,NA,NA,1,NA,NA,NA,NA,NA,"Lepidochelys spp.",NA,NA,NA,NA,NA
"570","9002040401","Kemps Ridley Sea Turtle",15,NA,NA,NA,NA,12,NA,NA,NA,NA,NA,"Lepidochelys kempii",NA,NA,NA,NA,NA
"571","9002060201","Florida Softshell",1,1,NA,NA,NA,1,NA,NA,NA,NA,NA,"Apalone ferox",NA,NA,NA,NA,NA
"572","9.998e+09",NA,0,0,0,0,0,0,0,0,0,0,NA,NA,NA,NA,NA,NA,NA
"573","9.999e+09",NA,NA,6,NA,NA,NA,6,NA,NA,NA,NA,NA,NA,NA,NA,NA,NA,NA
"574","878301020201","Gulf Toadfish (red morph)",3,NA,NA,NA,NA,12,NA,NA,NA,NA,NA,"Opsanus beta (red morph)",NA,NA,NA,NA,NA
"575","878301020202","Gulf Toadfish (yellow morph)",1,1,NA,NA,NA,1,NA,NA,NA,NA,NA,"Opsanus beta (yellow morph)",NA,NA,NA,NA,NA
"576","900203090102","Red-eared Turtle",NA,NA,NA,NA,NA,1,NA,NA,NA,NA,NA,"Trachemys scripta elegans",NA,NA,NA,NA,NA
