"","NODCCODE","Commonname",">30","25-26","26-27","27-28","28-29","29-30","Scientificname","Genus","Subfamily","Family","Order","Class"
"1","0",NA,NA,NA,NA,0,0,NA,NA,NA,NA,NA,NA,NA
"2","1.111e+09",NA,NA,NA,NA,0,NA,NA,NA,NA,NA,NA,NA,NA
"3","3737040301","Cannonball Jellyfish",NA,NA,1,1,NA,1600,"Stomolophus meleagris",NA,NA,NA,NA,NA
"4","5.124e+09",NA,NA,NA,2287,NA,NA,NA,NA,NA,NA,NA,NA,NA
"5","5509051200","Scallops",2078,148,1,397,1535,3289,"Argopecten spp.",NA,NA,NA,NA,NA
"6","5509051201","Atlantic Calico Scallop",3,NA,68,NA,NA,25,"Argopecten gibbus",NA,NA,NA,NA,NA
"7","5509051202","Bay Scallop",1593,NA,473,58,NA,2002,"Argopecten irradians",NA,NA,NA,NA,NA
"8","5515471100",NA,NA,NA,NA,NA,NA,1,NA,NA,NA,NA,NA,NA
"9","5515471101","Northern Quahog",NA,NA,NA,NA,NA,1,"Mercenaria mercenaria",NA,NA,NA,NA,NA
"10","5706010000","Squid",NA,NA,89,NA,NA,NA,"Loliginidae spp.",NA,NA,NA,NA,NA
"11","5706010100","Squid",NA,NA,11,NA,NA,NA,"Loligo spp.",NA,NA,NA,NA,NA
"12","5802010101","Horseshoe Crab",NA,21,892,2033,31,551,"Limulus polyphemus",NA,NA,NA,NA,NA
"13","6177010000","Penaeid Shrimps",1,NA,4,7,1,10,"Penaeidae spp.",NA,NA,NA,NA,NA
"14","6177010100","Commercial Shrimps",2443,NA,NA,NA,NA,28203,"Farfantepenaeus spp.",NA,NA,NA,NA,NA
"15","6177010101","Brown Shrimp",145,NA,NA,NA,NA,5622,"Farfantepenaeus aztecus",NA,NA,NA,NA,NA
"16","6177010102","Pink Shrimp",2082,412,99436,80561,2895,15418,"Farfantepenaeus duorarum",NA,NA,NA,NA,NA
"17","6177010103","White Shrimp",103,NA,NA,NA,NA,33379,"Litopenaeus setiferus",NA,NA,NA,NA,NA
"18","6177010120","Giant Tiger Prawn",NA,NA,1,NA,NA,1,"Penaeus monodon",NA,NA,NA,NA,NA
"19","6177010200",NA,NA,NA,NA,NA,NA,216,NA,NA,NA,NA,NA,NA
"20","6177010201","Roughneck Shrimp",22,NA,796,188,1,6585,"Rimapenaeus constrictus",NA,NA,NA,NA,NA
"21","6177010202","Yellow Roughneck Shrimp",NA,NA,NA,NA,NA,162,"Rimapenaeus similis",NA,NA,NA,NA,NA
"22","6177010701","Atlantic Seabob",NA,NA,NA,NA,NA,94,"Xiphopenaeus kroyeri",NA,NA,NA,NA,NA
"23","6177040100","Rock Shrimp",1,NA,55,8,NA,14,"Sicyonia spp.",NA,NA,NA,NA,NA
"24","6177040101","Rock Shrimp",4,NA,2,9,NA,10,"Sicyonia brevirostris",NA,NA,NA,NA,NA
"25","6177040102","Lesser Rock Shrimp",NA,NA,NA,NA,NA,47,"Sicyonia dorsalis",NA,NA,NA,NA,NA
"26","6177040103","Kinglet Rock Shrimp",2,NA,106,26,NA,25,"Sicyonia typica",NA,NA,NA,NA,NA
"27","6177040104","Hardback",2,NA,50,51,NA,36,"Sicyonia laevigata",NA,NA,NA,NA,NA
"28","6177040107",NA,NA,NA,12,1,NA,22,NA,NA,NA,NA,NA,NA
"29","6179110000",NA,NA,NA,NA,4,NA,NA,NA,NA,NA,NA,NA,NA
"30","6179110100",NA,NA,NA,15,NA,NA,NA,NA,NA,NA,NA,NA,NA
"31","6179110105","Red-algae Shrimp",NA,NA,18,6,NA,NA,"Leander paulensis",NA,NA,NA,NA,NA
"32","6179110200","Prawns",NA,NA,3,NA,NA,NA,"Macrobrachium spp.",NA,NA,NA,NA,NA
"33","6179110201","Ohio Shrimp",NA,NA,1,NA,NA,4,"Macrobrachium ohione",NA,NA,NA,NA,NA
"34","6179110300","Grass Shrimp",NA,NA,728,500,237,NA,"Palaemonetes spp.",NA,NA,NA,NA,NA
"35","6179110301","Brackish Grass Shrimp",NA,NA,655,2017,25146,NA,"Palaemonetes intermedius",NA,NA,NA,NA,NA
"36","6179110302","Eastern Grass Shrimp",NA,NA,NA,6,13,NA,"Palaemonetes paludosus",NA,NA,NA,NA,NA
"37","6179110303","Daggerblade Grass Shrimp",NA,NA,5134,60881,1297,NA,"Palaemonetes pugio",NA,NA,NA,NA,NA
"38","6179110304","Marsh Grass Shrimp",NA,NA,NA,4,25,NA,"Palaemonetes vulgaris",NA,NA,NA,NA,NA
"39","6179110401","American Grass Shrimp",NA,NA,127,133,NA,NA,"Periclimenes americanus",NA,NA,NA,NA,NA
"40","6179110403","Longtail Grass Shrimp",NA,NA,354,116,146,NA,"Periclimenes longicaudatus",NA,NA,NA,NA,NA
"41","6179110803","Florida Grass Shrimp",NA,NA,1,16,889,NA,"Palaemon floridanus",NA,NA,NA,NA,NA
"42","6179111301","Twoclaw Shrimp",NA,NA,1,11,NA,NA,"Brachycarpus biunguiculatus",NA,NA,NA,NA,NA
"43","6179140000","Snapping Shrimp",NA,131,101,101,177,NA,"Alpheidae spp.",NA,NA,NA,NA,NA
"44","6179150101","Estuarine Longeye Shrimp",NA,NA,NA,1,NA,NA,"Ogyrides alphaerostris",NA,NA,NA,NA,NA
"45","6179160100",NA,NA,NA,NA,1,NA,NA,NA,NA,NA,NA,NA,NA
"46","6179160104","Zostera Shrimp",NA,NA,398,4,47,NA,"Hippolyte zostericola",NA,NA,NA,NA,NA
"47","6179160602","Sargassum Shrimp",NA,NA,NA,13,NA,NA,"Latreutes parvulus",NA,NA,NA,NA,NA
"48","6179161101","Peppermint Shrimp",NA,NA,NA,4,1,NA,"Lysmata wurdemanni",NA,NA,NA,NA,NA
"49","6179161109","Scarlet Cleaner Shrimp",NA,NA,NA,13,1,NA,"Lysmata amboinensis",NA,NA,NA,NA,NA
"50","6179161200","Arrow Shrimp",NA,NA,NA,3,NA,NA,"Tozeuma spp.",NA,NA,NA,NA,NA
"51","6179161201","Arrow Shrimp",NA,NA,1629,2,874,NA,"Tozeuma carolinense",NA,NA,NA,NA,NA
"52","6179161402","Manning Grass Shrimp",NA,NA,1,NA,NA,NA,"Thor manningi",NA,NA,NA,NA,NA
"53","6179161404","Squat Grass Shrimp",NA,NA,NA,NA,6,NA,"Thor dobkini",NA,NA,NA,NA,NA
"54","6179170301",NA,NA,NA,1,3,NA,NA,NA,NA,NA,NA,NA,NA
"55","6182010101","Spiny Lobster",NA,13,6,NA,NA,NA,"Panulirus argus",NA,NA,NA,NA,NA
"56","6186020201","Calico Box Crab",NA,NA,NA,NA,NA,5,"Hepatus epheliticus",NA,NA,NA,NA,NA
"57","6189010000","Swimming Crabs",2,NA,NA,2,NA,1,"Portunidae spp.",NA,NA,NA,NA,NA
"58","6189010101","Speckled Swimming Crab",NA,NA,NA,NA,NA,1,"Arenaeus cribrarius",NA,NA,NA,NA,NA
"59","6189010300",NA,2,NA,4,29,NA,2,NA,NA,NA,NA,NA,NA
"60","6189010301","Blue Crab",3692,618,29344,35382,4528,34035,"Callinectes sapidus",NA,NA,NA,NA,NA
"61","6189010302","Lesser Blue Crab",274,2,13,36,NA,2846,"Callinectes similis",NA,NA,NA,NA,NA
"62","6189010304","Shelligs",2,290,1066,212,5,13,"Callinectes ornatus",NA,NA,NA,NA,NA
"63","6189010310","Masked Swimming Crab",NA,NA,NA,1,NA,NA,"Callinectes larvatus",NA,NA,NA,NA,NA
"64","6189010600","Portunus Crabs",235,3,38942,18584,29,10520,"Portunus spp.",NA,NA,NA,NA,NA
"65","6189010601","Iridescent Swimming Crab",NA,NA,523,1,NA,NA,"Portunus gibbesii",NA,NA,NA,NA,NA
"66","6189010604","Blotched Swimming Crab",NA,NA,48,NA,NA,NA,"Portunus spinimanus",NA,NA,NA,NA,NA
"67","6189021300","Stone Crab",454,2,8339,3842,8,7111,"Menippe spp.",NA,NA,NA,NA,NA
"68","6189021301","Florida Stone Crab",NA,NA,165,47,NA,28,"Menippe mercenaria",NA,NA,NA,NA,NA
"69","6191010101","Rough Mantis Shrimp",NA,NA,22,NA,NA,NA,"Squilla empusa",NA,NA,NA,NA,NA
"70","8500010100","Lancelet",NA,NA,18,NA,NA,NA,"Amphioxus spp.",NA,NA,NA,NA,NA
"71","8707100101","Nurse Shark",NA,7,29,1,NA,NA,"Ginglymostoma cirratum","Ginglymostoma",NA,"Ginglymostomatidae","Orectolobiformes","Elasmobranchii"
"72","8708020301","Atlantic Sharpnose Shark",1,NA,NA,4,1,110,"Rhizoprionodon terraenovae","Rhizoprionodon",NA,"Carcharhinidae","Carcharhiniformes","Elasmobranchii"
"73","8708020500",NA,NA,1,1,NA,NA,3,NA,NA,NA,NA,NA,NA
"74","8708020502","Bull Shark",NA,1,23,17,1,14,"Carcharhinus leucas","Carcharhinus",NA,"Carcharhinidae","Carcharhiniformes","Elasmobranchii"
"75","8708020504","Blacknose Shark",NA,NA,1,7,NA,NA,"Carcharhinus acronotus","Carcharhinus",NA,"Carcharhinidae","Carcharhiniformes","Elasmobranchii"
"76","8708020507","Blacktip Shark",NA,NA,17,17,NA,54,"Carcharhinus limbatus","Carcharhinus",NA,"Carcharhinidae","Carcharhiniformes","Elasmobranchii"
"77","8708020530","Spinner Shark",NA,NA,NA,NA,NA,2,"Carcharhinus brevipinna","Carcharhinus",NA,"Carcharhinidae","Carcharhiniformes","Elasmobranchii"
"78","8708020531","Finetooth Shark",NA,NA,NA,NA,NA,5,"Carcharhinus isodon","Carcharhinus",NA,"Carcharhinidae","Carcharhiniformes","Elasmobranchii"
"79","8708020801","Lemon Shark",NA,8,1,7,NA,1,"Negaprion brevirostris","Negaprion",NA,"Carcharhinidae","Carcharhiniformes","Elasmobranchii"
"80","8708030101","Bonnethead",1,35,249,553,11,593,"Sphyrna tiburo","Sphyrna",NA,"Sphyrnidae","Carcharhiniformes","Elasmobranchii"
"81","8708030103","Scalloped Hammerhead",NA,NA,NA,NA,NA,1,"Sphyrna lewini","Sphyrna",NA,"Sphyrnidae","Carcharhiniformes","Elasmobranchii"
"82","8708040201","Smooth Dogfish",NA,NA,NA,NA,NA,1,"Mustelus canis","Mustelus","Triakinae","Triakidae","Carcharhiniformes","Elasmobranchii"
"83","8713010101","Smalltooth Sawfish",NA,NA,18,1,NA,NA,"Pristis pectinata","Pristis",NA,"Pristidae","Pristiformes","Elasmobranchii"
"84","8713020101","Atlantic Guitarfish",NA,NA,6,83,NA,5,"Rhinobatos lentiginosus","Rhinobatos","Rhinobatinae","Rhinobatidae","Rajiformes","Elasmobranchii"
"85","8713040113","Clearnose Skate",NA,NA,22,3,NA,32,"Raja eglanteria","Raja",NA,"Rajidae","Rajiformes","Elasmobranchii"
"86","8713040126","Freckled Skate",NA,NA,NA,NA,NA,1,"Leucoraja lentiginosa","Leucoraja",NA,"Rajidae","Rajiformes","Elasmobranchii"
"87","8713040133","Roundel Skate",3,NA,NA,9,NA,13,"Raja texana","Raja",NA,"Rajidae","Rajiformes","Elasmobranchii"
"88","8713050100","Whiptail Stingrays",NA,NA,14,13,NA,NA,"Dasyatis spp.",NA,NA,NA,NA,NA
"89","8713050103","Southern Stingray",10,9,394,249,14,188,"Dasyatis americana","Dasyatis",NA,"Dasyatidae","Myliobatiformes","Elasmobranchii"
"90","8713050105","Atlantic Stingray",243,2,3446,10351,333,47061,"Dasyatis sabina","Dasyatis",NA,"Dasyatidae","Myliobatiformes","Elasmobranchii"
"91","8713050106","Bluntnose Stingray",60,1,471,920,16,3594,"Dasyatis say","Dasyatis",NA,"Dasyatidae","Myliobatiformes","Elasmobranchii"
"92","8713050202","Smooth Butterfly Ray",6,NA,110,391,27,1428,"Gymnura micrura","Gymnura",NA,"Gymnuridae","Myliobatiformes","Elasmobranchii"
"93","8713070101","Spotted Eagle Ray",1,NA,50,35,NA,30,"Aetobatus narinari","Aetobatus","Myliobatinae","Myliobatidae","Myliobatiformes","Elasmobranchii"
"94","8713070301","Cownose Ray",46,NA,1439,6950,246,2182,"Rhinoptera bonasus","Rhinoptera","Rhinopterinae","Myliobatidae","Myliobatiformes","Elasmobranchii"
"95","8713120101","Lesser Electric Ray",NA,NA,NA,NA,NA,27,"Narcine bancroftii","Narcine",NA,"Narcinidae","Torpediniformes","Elasmobranchii"
"96","8729010100",NA,NA,NA,NA,NA,NA,1,NA,NA,NA,NA,NA,NA
"97","8729010105","Atlantic Sturgeon",NA,NA,NA,NA,NA,29,"Acipenser oxyrinchus","Acipenser","Acipenserinae","Acipenseridae","Acipenseriformes","Actinopterygii"
"98","8732010000",NA,NA,NA,1,NA,NA,NA,NA,NA,NA,NA,NA,NA
"99","8732010100","Gars",NA,NA,NA,NA,NA,1,"Lepisosteus spp.",NA,NA,NA,NA,NA
"100","8732010101","Longnose Gar",9,NA,286,173,38,595,"Lepisosteus osseus","Lepisosteus",NA,"Lepisosteidae","Lepisosteiformes","Actinopterygii"
"101","8732010102","Spotted Gar",1,NA,NA,NA,NA,21,"Lepisosteus oculatus","Lepisosteus",NA,"Lepisosteidae","Lepisosteiformes","Actinopterygii"
"102","8732010105","Florida Gar",NA,NA,39,48,2,18,"Lepisosteus platyrhincus","Lepisosteus",NA,"Lepisosteidae","Lepisosteiformes","Actinopterygii"
"103","8734010101","Bowfin",NA,NA,1,3,NA,1,"Amia calva","Amia",NA,"Amiidae","Amiiformes","Actinopterygii"
"104","8.737e+09",NA,NA,NA,NA,1,NA,NA,NA,NA,NA,NA,NA,NA
"105","8738010000",NA,NA,NA,NA,NA,NA,2,NA,NA,NA,NA,NA,NA
"106","8738010100",NA,NA,NA,NA,NA,NA,6,NA,NA,NA,NA,NA,NA
"107","8738010101","Ladyfish",223,125,10260,37400,517,10811,"Elops saurus","Elops",NA,"Elopidae","Elopiformes","Actinopterygii"
"108","8738010199","Malacho",NA,NA,1,2,NA,10,"Elops smithi","Elops",NA,"Elopidae","Elopiformes","Actinopterygii"
"109","8738020201","Tarpon",NA,16,19,5,NA,14,"Megalops atlanticus","Megalops",NA,"Megalopidae","Elopiformes","Actinopterygii"
"110","8739010100",NA,NA,NA,2,NA,NA,NA,NA,NA,NA,NA,NA,NA
"111","8739010101","Bonefish",NA,14,38,13,1,11,"Albula vulpes","Albula","Albulinae","Albulidae","Albuliformes","Actinopterygii"
"112","8739010103","Lagoon Bonefish",NA,1,NA,2,NA,NA,"Albula conorhynchus",NA,NA,NA,NA,NA
"113","8739010104","Channel Bonefish",NA,NA,NA,1,NA,NA,"Albula goreensis","Albula","Albulinae","Albulidae","Albuliformes","Actinopterygii"
"114","8741010000",NA,1,NA,NA,NA,NA,NA,NA,NA,NA,NA,NA,NA
"115","8741010101","American Eel",NA,NA,3,NA,NA,3,"Anguilla rostrata","Anguilla",NA,"Anguillidae","Anguilliformes","Actinopterygii"
"116","8741050400",NA,1,NA,NA,NA,NA,NA,NA,NA,NA,NA,NA,NA
"117","8741050404","Blackedge Moray",1,NA,NA,NA,NA,2,"Gymnothorax nigromarginatus","Gymnothorax","Muraeninae","Muraenidae","Anguilliformes","Actinopterygii"
"118","8741050407","Ocellated Moray",5,NA,2,NA,2,8,"Gymnothorax saxicola","Gymnothorax","Muraeninae","Muraenidae","Anguilliformes","Actinopterygii"
"119","8741130000",NA,NA,NA,NA,1,NA,8,NA,NA,NA,NA,NA,NA
"120","8741130201","Whip Eel",NA,NA,1,NA,NA,NA,"Bascanichthys scuticaris","Bascanichthys","Ophichthinae","Ophichthidae","Anguilliformes","Actinopterygii"
"121","8741130802","Speckled Worm Eel",3,NA,36,12,4,905,"Myrophis punctatus","Myrophis","Myrophinae","Ophichthidae","Anguilliformes","Actinopterygii"
"122","8741131000",NA,NA,NA,NA,NA,NA,24,NA,NA,NA,NA,NA,NA
"123","8741131001","Shrimp Eel",2,NA,2,2,NA,27,"Ophichthus gomesii","Ophichthus","Ophichthinae","Ophichthidae","Anguilliformes","Actinopterygii"
"124","8741133101","Spotted Spoon-nose Eel",NA,NA,NA,1,NA,NA,"Echiophis intertinctus","Echiophis","Ophichthinae","Ophichthidae","Anguilliformes","Actinopterygii"
"125","8741133102","Stippled Spoon-nose Eel",NA,NA,NA,NA,NA,1,"Echiophis punctifer","Echiophis","Ophichthinae","Ophichthidae","Anguilliformes","Actinopterygii"
"126","8747010000","Herrings",3,16,1,160,1,37,"Clupeidae spp.",NA,NA,NA,NA,NA
"127","8747010100",NA,NA,NA,NA,NA,NA,2,NA,NA,NA,NA,NA,NA
"128","8747010104","Alabama Shad",NA,NA,NA,NA,NA,83,"Alosa alabamae","Alosa","Alosinae","Clupeidae","Clupeiformes","Actinopterygii"
"129","8747010106","Skipjack Herring",NA,NA,NA,NA,NA,97,"Alosa chrysochloris","Alosa","Alosinae","Clupeidae","Clupeiformes","Actinopterygii"
"130","8747010400","Menhadens",3430,NA,8314,21917,6313,151325,"Brevoortia spp.",NA,NA,NA,NA,NA
"131","8747010500","Shad",NA,NA,1,58,NA,NA,"Dorosoma spp.",NA,NA,NA,NA,NA
"132","8747010501","Gizzard Shad",NA,NA,29,20,3,1006,"Dorosoma cepedianum","Dorosoma","Dorosomatinae","Clupeidae","Clupeiformes","Actinopterygii"
"133","8747010502","Threadfin Shad",6,NA,207,1282,12,2188,"Dorosoma petenense","Dorosoma","Dorosomatinae","Clupeidae","Clupeiformes","Actinopterygii"
"134","8747010701","Atlantic Thread Herring",259,1450,16144,25627,596,10052,"Opisthonema oglinum","Opisthonema","Dorosomatinae","Clupeidae","Clupeiformes","Actinopterygii"
"135","8747010800",NA,NA,18,NA,NA,NA,NA,NA,NA,NA,NA,NA,NA
"136","8747010803","Scaled Sardine",7399,1751,80061,225385,1765,101031,"Harengula jaguana","Harengula","Dorosomatinae","Clupeidae","Clupeiformes","Actinopterygii"
"137","8747010900",NA,NA,39,NA,NA,NA,NA,NA,NA,NA,NA,NA,NA
"138","8747010901","Dwarf Herring",NA,2051,NA,NA,NA,NA,"Jenkinsia lamprotaenia","Jenkinsia","Incertae sedis","Clupeidae","Clupeiformes","Actinopterygii"
"139","8747010903","Shortband Herring",NA,566,NA,NA,NA,NA,"Jenkinsia stolifera","Jenkinsia","Incertae sedis","Clupeidae","Clupeiformes","Actinopterygii"
"140","8747011001","Spanish Sardine",11,NA,2775,14947,9,1474,"Sardinella aurita","Sardinella","Dorosomatinae","Clupeidae","Clupeiformes","Actinopterygii"
"141","8747020000",NA,NA,NA,NA,NA,NA,2,NA,NA,NA,NA,NA,NA
"142","8747020103","Silver Anchovy",2,NA,NA,1,NA,1,"Engraulis eurystole","Engraulis","Engraulinae","Engraulidae","Clupeiformes","Actinopterygii"
"143","8747020200","Anchovies",29,NA,1414,2842,NA,1425,"Anchoa spp.",NA,NA,NA,NA,NA
"144","8747020201","Striped Anchovy",520,1,17483,33237,1660,73338,"Anchoa hepsetus","Anchoa","Engraulinae","Engraulidae","Clupeiformes","Actinopterygii"
"145","8747020202","Bay Anchovy",9507,4721,649611,1308502,32375,731251,"Anchoa mitchilli","Anchoa","Engraulinae","Engraulidae","Clupeiformes","Actinopterygii"
"146","8747020203","Cuban Anchovy",9,NA,NA,17459,36,15562,"Anchoa cubana","Anchoa","Engraulinae","Engraulidae","Clupeiformes","Actinopterygii"
"147","8747020204","Bigeye Anchovy",NA,2,NA,NA,NA,NA,"Anchoa lamprotaenia","Anchoa","Engraulinae","Engraulidae","Clupeiformes","Actinopterygii"
"148","8747020205","Dusky Anchovy",482,1,10,1497,2,3898,"Anchoa lyolepis","Anchoa","Engraulinae","Engraulidae","Clupeiformes","Actinopterygii"
"149","8758010102","Pickerel",NA,NA,NA,NA,NA,1,"Esox americanus",NA,NA,NA,NA,NA
"150","8758010103","Chain Pickerel",2,NA,NA,NA,NA,1,"Esox niger","Esox",NA,"Esocidae","Esociformes","Actinopterygii"
"151","8762020000",NA,NA,NA,NA,1,NA,NA,NA,NA,NA,NA,NA,NA
"152","8762020100",NA,NA,NA,NA,NA,NA,1,NA,NA,NA,NA,NA,NA
"153","8762020101","Inshore Lizardfish",1036,28,10618,11900,674,8489,"Synodus foetens","Synodus","Synodontinae","Synodontidae","Aulopiformes","Actinopterygii"
"154","8762020301","Largescale Lizardfish",NA,NA,NA,NA,NA,1,"Saurida brasiliensis","Saurida","Harpadontinae","Synodontidae","Aulopiformes","Actinopterygii"
"155","8776010000","Carps and Minnows",NA,NA,NA,NA,NA,1,"Cyprinidae spp.",NA,NA,NA,NA,NA
"156","8776010101","Common Carp",NA,NA,NA,NA,NA,14,"Cyprinus carpio","Cyprinus","Cyprininae","Cyprinidae","Cypriniformes","Actinopterygii"
"157","8776010601","Golden Shiner",NA,NA,2,16,NA,400,"Notemigonus crysoleucas","Notemigonus","Leuciscinae","Cyprinidae","Cypriniformes","Actinopterygii"
"158","8776011100","Notropis Shiners",NA,NA,12,23,NA,115,"Notropis spp.",NA,NA,NA,NA,NA
"159","8776011104","Ironcolor Shiner",NA,NA,NA,NA,NA,16,"Notropis chalybaeus","Notropis","Leuciscinae","Cyprinidae","Cypriniformes","Actinopterygii"
"160","8776011124","Weed Shiner",NA,NA,NA,NA,NA,36,"Notropis texanus","Notropis","Leuciscinae","Cyprinidae","Cypriniformes","Actinopterygii"
"161","8776011178","Taillight Shiner",NA,NA,15,9,NA,2,"Notropis maculatus","Notropis","Leuciscinae","Cyprinidae","Cypriniformes","Actinopterygii"
"162","8776011185","Coastal Shiner",98,NA,57,221,1,1810,"Notropis petersoni","Notropis","Leuciscinae","Cyprinidae","Cypriniformes","Actinopterygii"
"163","8776012301","Grass Carp",NA,NA,1,NA,NA,1,"Ctenopharyngodon idella","Ctenopharyngodon","Squaliobarbinae","Cyprinidae","Cypriniformes","Actinopterygii"
"164","8776017621","Blacktail Shiner",NA,NA,NA,NA,NA,1,"Cyprinella venusta","Cyprinella","Leuciscinae","Cyprinidae","Cypriniformes","Actinopterygii"
"165","8776018201","Pugnose Minnow",NA,NA,5,22,NA,4,"Opsopoeodus emiliae",NA,NA,NA,NA,NA
"166","8776040201","Quillback",NA,NA,NA,NA,NA,1,"Carpiodes cyprinus","Carpiodes","Ictiobinae","Catostomidae","Cypriniformes","Actinopterygii"
"167","8776040301","Lake Chubsucker",NA,NA,NA,NA,1,1,"Erimyzon sucetta","Erimyzon","Catostominae","Catostomidae","Cypriniformes","Actinopterygii"
"168","8776040801","Spotted Sucker",NA,NA,NA,NA,NA,5,"Minytrema melanops","Minytrema","Catostominae","Catostomidae","Cypriniformes","Actinopterygii"
"169","8777020000","Bullhead Catfishes",NA,NA,1,2,NA,11,"Ictaluridae spp.",NA,NA,NA,NA,NA
"170","8777020102","Blue Catfish",NA,NA,NA,NA,NA,65,"Ictalurus furcatus","Ictalurus",NA,"Ictaluridae","Siluriformes","Actinopterygii"
"171","8777020105","Channel Catfish",NA,NA,223,124,NA,972,"Ictalurus punctatus","Ictalurus",NA,"Ictaluridae","Siluriformes","Actinopterygii"
"172","8777020600","Bullheads",NA,NA,NA,NA,NA,1,"Ameiurus spp.",NA,NA,NA,NA,NA
"173","8777020602","White Catfish",NA,NA,326,76,NA,1170,"Ameiurus catus","Ameiurus",NA,"Ictaluridae","Siluriformes","Actinopterygii"
"174","8777020604","Yellow Bullhead",NA,NA,2,NA,NA,3,"Ameiurus natalis","Ameiurus",NA,"Ictaluridae","Siluriformes","Actinopterygii"
"175","8777020605","Brown Bullhead",NA,NA,NA,1,NA,NA,"Ameiurus nebulosus","Ameiurus",NA,"Ictaluridae","Siluriformes","Actinopterygii"
"176","8777020607","Spotted Bullhead",NA,NA,NA,NA,NA,1,"Ameiurus serracanthus","Ameiurus",NA,"Ictaluridae","Siluriformes","Actinopterygii"
"177","8777120101","Walking Catfish",NA,NA,1,1,NA,NA,"Clarias batrachus","Clarias",NA,"Clariidae","Siluriformes","Actinopterygii"
"178","8777180101","Gafftopsail Catfish",79,1,2664,2453,312,8459,"Bagre marinus","Bagre","Bagreinae","Ariidae","Siluriformes","Actinopterygii"
"179","8777180202","Hardhead Catfish",209,200,30609,35630,1406,51582,"Ariopsis felis","Ariopsis","Ariinae","Ariidae","Siluriformes","Actinopterygii"
"180","8777300000","Suckermouth Catfish",NA,NA,8,11,NA,NA,"Loricariidae spp.",NA,NA,NA,NA,NA
"181","8777300300",NA,NA,NA,NA,3,NA,NA,NA,NA,NA,NA,NA,NA
"182","8777300301","Brown Hoplo",NA,NA,24,1,NA,1,"Hoplosternum littorale","Hoplosternum","Callichthyinae","Callichthyidae","Siluriformes","Actinopterygii"
"183","8777301000","Armoured Catfishes",NA,NA,13,22,NA,NA,"Pterygoplichthys spp.",NA,NA,NA,NA,NA
"184","8777302001","Vermiculated Catfish",NA,NA,1,4,NA,NA,"Pterygoplichthys disjunctivus","Pterygoplichthys","Hypostominae","Loricariidae","Siluriformes","Actinopterygii"
"185","8781010101","Pirate Perch",NA,NA,NA,NA,NA,2,"Aphredoderus sayanus","Aphredoderus",NA,"Aphredoderidae","Percopsiformes","Actinopterygii"
"186","8783010108","Atlantic Midshipman",NA,NA,NA,NA,NA,632,"Porichthys plectrodon","Porichthys","Porichthyinae","Batrachoididae","Batrachoidiformes","Actinopterygii"
"187","8783010202","Gulf Toadfish",3737,816,3827,4145,510,4536,"Opsanus beta","Opsanus","Batrachoidinae","Batrachoididae","Batrachoidiformes","Actinopterygii"
"188","8784010000",NA,NA,NA,2,NA,NA,NA,NA,NA,NA,NA,NA,NA
"189","8784010102","Skilletfish",6,NA,291,331,5,145,"Gobiesox strumosus","Gobiesox","Gobiesocinae","Gobiesocidae","Gobiesociformes","Actinopterygii"
"190","8787020101","Sargassumfish",1,NA,NA,NA,NA,NA,"Histrio histrio","Histrio","Antennariinae","Antennariidae","Lophiiformes","Actinopterygii"
"191","8787020203","Singlespot Frogfish",NA,NA,NA,NA,NA,8,"Fowlerichthys radiosus","Fowlerichthys","Antennariinae","Antennariidae","Lophiiformes","Actinopterygii"
"192","8787040100","Batfishes",1,NA,1,1,1,NA,"Ogcocephalus spp.",NA,NA,NA,NA,NA
"193","8787040105","Roughback Batfish",NA,NA,NA,NA,NA,2,"Ogcocephalus parvus","Ogcocephalus",NA,"Ogcocephalidae","Lophiiformes","Actinopterygii"
"194","8787040106","Spotted Batfish",1,NA,60,4,18,4113,"Ogcocephalus pantostictus","Ogcocephalus",NA,"Ogcocephalidae","Lophiiformes","Actinopterygii"
"195","8787040109","Longnose Batfish",NA,NA,NA,NA,NA,4,"Ogcocephalus corniger","Ogcocephalus",NA,"Ogcocephalidae","Lophiiformes","Actinopterygii"
"196","8787040113","Polka-dot Batfish",35,1,745,254,21,7660,"Ogcocephalus cubifrons","Ogcocephalus",NA,"Ogcocephalidae","Lophiiformes","Actinopterygii"
"197","8791031000",NA,1,NA,1,NA,NA,1,NA,NA,NA,NA,NA,NA
"198","8791031002","Spotted Hake",3,NA,NA,NA,NA,122,"Urophycis regia","Urophycis",NA,"Phycidae","Gadiformes","Actinopterygii"
"199","8791031007","Southern Hake",18,NA,243,254,6,2139,"Urophycis floridana","Urophycis",NA,"Phycidae","Gadiformes","Actinopterygii"
"200","8792010401","Bearded Brotula",NA,NA,NA,NA,NA,1,"Brotula barbata","Brotula","Brotulinae","Ophidiidae","Ophidiiformes","Actinopterygii"
"201","8792010603","Bank Cusk-eel",82,NA,NA,4,3,48,"Ophidion holbrookii","Ophidion","Ophidiinae","Ophidiidae","Ophidiiformes","Actinopterygii"
"202","8792010605","Crested Cusk-eel",NA,NA,NA,NA,NA,2,"Ophidion josephi","Ophidion","Ophidiinae","Ophidiidae","Ophidiiformes","Actinopterygii"
"203","8792010703","Sleeper Cusk-eel",NA,NA,9,NA,NA,NA,"Otophidium dormitator","Otophidium","Ophidiinae","Ophidiidae","Ophidiiformes","Actinopterygii"
"204","8792012301","Gold Brotula",NA,NA,NA,NA,NA,15,"Gunterichthys longipenis","Gunterichthys","Brosmophycinae","Bythitidae","Ophidiiformes","Actinopterygii"
"205","8792012401","Key Brotula",NA,14,NA,NA,NA,NA,"Ogilbia cayorum","Ogilbia","Brosmophycinae","Bythitidae","Ophidiiformes","Actinopterygii"
"206","8803010200",NA,NA,NA,NA,2,NA,NA,NA,NA,NA,NA,NA,NA
"207","8803010201","Ballyhoo",11,NA,60,30,4,29,"Hemiramphus brasiliensis","Hemiramphus",NA,"Hemiramphidae","Beloniformes","Actinopterygii"
"208","8803010202","Balao",NA,NA,NA,1,NA,NA,"Hemiramphus balao","Hemiramphus",NA,"Hemiramphidae","Beloniformes","Actinopterygii"
"209","8803010300","Halfbeaks",1,1,207,406,4,28,"Hyporhamphus spp.",NA,NA,NA,NA,NA
"210","8803010301","Halfbeak",NA,NA,25,29,2,5,"Hyporhamphus unifasciatus","Hyporhamphus",NA,"Hemiramphidae","Beloniformes","Actinopterygii"
"211","8803010399","False Silver Halfbeak",31,3,610,1291,40,2031,"Hyporhamphus meeki","Hyporhamphus",NA,"Hemiramphidae","Beloniformes","Actinopterygii"
"212","8803010401","Hardhead Halfbeak",NA,351,NA,NA,NA,NA,"Chriodorus atherinoides","Chriodorus",NA,"Hemiramphidae","Beloniformes","Actinopterygii"
"213","8803020000",NA,1,NA,NA,NA,NA,4,NA,NA,NA,NA,NA,NA
"214","8803020200","Needlefishes",2,8,416,552,20,344,"Strongylura spp.",NA,NA,NA,NA,NA
"215","8803020201","Atlantic Needlefish",174,NA,1664,2239,96,4162,"Strongylura marina","Strongylura",NA,"Belonidae","Beloniformes","Actinopterygii"
"216","8803020202","Redfin Needlefish",49,767,13635,20138,755,759,"Strongylura notata",NA,NA,NA,NA,NA
"217","8803020203","Timucu",NA,44,524,415,231,464,"Strongylura timucu","Strongylura",NA,"Belonidae","Beloniformes","Actinopterygii"
"218","8803020300",NA,NA,NA,NA,4,NA,1,NA,NA,NA,NA,NA,NA
"219","8803020301","Agujon",NA,NA,NA,NA,NA,2,"Tylosurus acus",NA,NA,NA,NA,NA
"220","8803020302","Houndfish",43,17,133,107,4,117,"Tylosurus crocodilus","Tylosurus",NA,"Belonidae","Beloniformes","Actinopterygii"
"221","8803020401","Keeltail Needlefish",5,NA,NA,NA,NA,20,"Platybelone argalus",NA,NA,NA,NA,NA
"222","8803040000","halfbeaks",NA,NA,NA,5,NA,NA,"Hemiramphidae spp.",NA,NA,NA,NA,NA
"223","8804040101","Sheepshead Minnow",128,673,6509,18612,3303,1277,"Cyprinodon variegatus",NA,NA,NA,NA,NA
"224","8804040200","Assorted Killifish",NA,NA,NA,16,NA,7,"Fundulus spp.",NA,NA,NA,NA,NA
"225","8804040201","Marsh Killifish",3,NA,494,690,NA,53,"Fundulus confluentus","Fundulus",NA,"Fundulidae","Cyprinodontiformes","Actinopterygii"
"226","8804040205","Striped Killifish",NA,NA,NA,10,NA,NA,"Fundulus majalis","Fundulus",NA,"Fundulidae","Cyprinodontiformes","Actinopterygii"
"227","8804040207","Gulf Killifish",56,NA,5366,12127,933,4641,"Fundulus grandis","Fundulus",NA,"Fundulidae","Cyprinodontiformes","Actinopterygii"
"228","8804040208","Golden Topminnow",NA,NA,4,5,NA,25,"Fundulus chrysotus","Fundulus",NA,"Fundulidae","Cyprinodontiformes","Actinopterygii"
"229","8804040213","Longnose Killifish",94,NA,6644,29403,323,13531,"Fundulus similis","Fundulus",NA,"Fundulidae","Cyprinodontiformes","Actinopterygii"
"230","8804040223","Seminole Killifish",NA,NA,2489,1649,38,1006,"Fundulus seminolis","Fundulus",NA,"Fundulidae","Cyprinodontiformes","Actinopterygii"
"231","8804040300",NA,NA,NA,NA,1,NA,NA,NA,NA,NA,NA,NA,NA
"232","8804040301","Rainwater Killifish",2764,16342,244893,184765,19295,33959,"Lucania parva","Lucania",NA,"Fundulidae","Cyprinodontiformes","Actinopterygii"
"233","8804040302","Bluefin Killifish",NA,NA,90,55,13,122,"Lucania goodei","Lucania",NA,"Fundulidae","Cyprinodontiformes","Actinopterygii"
"234","8804040401","Diamond Killifish",28,NA,1314,2782,37,329,"Adinia xenica","Adinia",NA,"Fundulidae","Cyprinodontiformes","Actinopterygii"
"235","8804040501","Goldspotted Killifish",NA,51909,27036,63652,4308,443,"Floridichthys carpio","Floridichthys","Cyprinodontinae","Cyprinodontidae","Cyprinodontiformes","Actinopterygii"
"236","8804040801","Flagfish",NA,NA,21,8,NA,NA,"Jordanella floridae","Jordanella","Cyprinodontinae","Cyprinodontidae","Cyprinodontiformes","Actinopterygii"
"237","8804080101","Western Mosquitofish",NA,NA,NA,NA,1,NA,"Gambusia affinis","Gambusia","Poeciliinae","Poeciliidae","Cyprinodontiformes","Actinopterygii"
"238","8804080116","Eastern Mosquito Fish",61,NA,12996,12764,15,774,"Gambusia holbrooki","Gambusia","Poeciliinae","Poeciliidae","Cyprinodontiformes","Actinopterygii"
"239","8804080201","Sailfin Molly",35,166,7509,5578,114,83,"Poecilia latipinna","Poecilia","Poeciliinae","Poeciliidae","Cyprinodontiformes","Actinopterygii"
"240","8804080301","Pike Killifish",NA,NA,NA,22,NA,NA,"Belonesox belizanus","Belonesox","Poeciliinae","Poeciliidae","Cyprinodontiformes","Actinopterygii"
"241","8804080401","Least Killifish",5,NA,82,38,NA,20,"Heterandria formosa","Heterandria","Poeciliinae","Poeciliidae","Cyprinodontiformes","Actinopterygii"
"242","8805020000",NA,NA,30,NA,NA,1,1,NA,NA,NA,NA,NA,NA
"243","8805020200",NA,NA,NA,NA,NA,NA,171,NA,NA,NA,NA,NA,NA
"244","8805020201","Rough Silverside",121,16,9289,7746,1826,68701,"Membras martinica","Membras","Menidiinae","Atherinopsidae","Atheriniformes","Actinopterygii"
"245","8805020300","Menidia Silversides",7586,694,198583,410035,17317,85049,"Menidia spp.",NA,NA,NA,NA,NA
"246","8805020301","Inland Silverside",NA,NA,NA,NA,NA,314,"Menidia beryllina","Menidia","Menidiinae","Atherinopsidae","Atheriniformes","Actinopterygii"
"247","8805020304","Tidewater Silverside",NA,NA,NA,NA,NA,381,"Menidia peninsulae","Menidia","Menidiinae","Atherinopsidae","Atheriniformes","Actinopterygii"
"248","8805020501","Hardhead Silverside",NA,19258,NA,NA,NA,NA,"Atherinomorus stipes","Atherinomorus","Atherinomorinae","Atherinidae","Atheriniformes","Actinopterygii"
"249","8805020801","Brook Silverside",52,NA,159,388,51,82,"Labidesthes sicculus","Labidesthes","Menidiinae","Atherinopsidae","Atheriniformes","Actinopterygii"
"250","8805021201","Reef Silverside",NA,124,18,NA,NA,NA,"Hypoatherina harringtonensis","Hypoatherina","Atherinomorinae","Atherinidae","Atheriniformes","Actinopterygii"
"251","8805030000","Atherinopsidae spp",NA,NA,NA,1,NA,NA,"",NA,NA,NA,NA,NA
"252","8810080300",NA,2,NA,NA,NA,NA,NA,NA,NA,NA,NA,NA,NA
"253","8819020100",NA,NA,NA,NA,1,NA,NA,NA,NA,NA,NA,NA,NA
"254","8819020101","Bluespotted Cornetfish",3,NA,5,3,NA,NA,"Fistularia tabacaria","Fistularia",NA,"Fistulariidae","Syngnathiformes","Actinopterygii"
"255","8820020000",NA,2,NA,2,5,NA,2,NA,NA,NA,NA,NA,NA
"256","8820020100","Pipefishes",3,NA,NA,12,NA,8,"Syngnathus spp.",NA,NA,NA,NA,NA
"257","8820020102","Dusky Pipefish",11891,513,4491,4599,449,11173,"Syngnathus floridae","Syngnathus","Syngnathinae","Syngnathidae","Syngnathiformes","Actinopterygii"
"258","8820020103","Northern Pipefish",NA,NA,NA,NA,NA,1,"Syngnathus fuscus","Syngnathus","Syngnathinae","Syngnathidae","Syngnathiformes","Actinopterygii"
"259","8820020104","Chain Pipefish",332,27,3419,4054,62,2555,"Syngnathus louisianae","Syngnathus","Syngnathinae","Syngnathidae","Syngnathiformes","Actinopterygii"
"260","8820020108","Sargassum Pipefish",NA,NA,NA,NA,NA,1,"Syngnathus pelagicus","Syngnathus","Syngnathinae","Syngnathidae","Syngnathiformes","Actinopterygii"
"261","8820020109","Bull Pipefish",NA,NA,3,2,NA,16,"Syngnathus springeri","Syngnathus","Syngnathinae","Syngnathidae","Syngnathiformes","Actinopterygii"
"262","8820020113","Gulf Pipefish",2174,1587,23720,17214,712,6627,"Syngnathus scovelli","Syngnathus","Syngnathinae","Syngnathidae","Syngnathiformes","Actinopterygii"
"263","8820020200",NA,1,5,NA,5,NA,3,NA,NA,NA,NA,NA,NA
"264","8820020201","Lined Seahorse",128,55,1120,801,11,480,"Hippocampus erectus","Hippocampus","Hippocampinae","Syngnathidae","Syngnathiformes","Actinopterygii"
"265","8820020205","Dwarf Seahorse",30,1037,1238,1063,11,68,"Hippocampus zosterae","Hippocampus","Hippocampinae","Syngnathidae","Syngnathiformes","Actinopterygii"
"266","8820020601","Opposum Pipefish",NA,NA,6,NA,NA,NA,"Microphis brachyurus","Microphis","Syngnathinae","Syngnathidae","Syngnathiformes","Actinopterygii"
"267","8820022300",NA,1,NA,NA,NA,NA,NA,NA,NA,NA,NA,NA,NA
"268","8820022301","Whitenose Pipefish",3,16,1,NA,NA,3,"Cosmocampus albirostris","Cosmocampus","Syngnathinae","Syngnathidae","Syngnathiformes","Actinopterygii"
"269","8820022305","Shortfin Pipefish",1,NA,NA,NA,NA,NA,"Cosmocampus elucens","Cosmocampus","Syngnathinae","Syngnathidae","Syngnathiformes","Actinopterygii"
"270","8820023901","Fringed Pipefish",508,298,334,112,28,555,"Anarchopterus criniger","Anarchopterus","Syngnathinae","Syngnathidae","Syngnathiformes","Actinopterygii"
"271","8824010000","Swamp Eels",NA,NA,NA,1,NA,NA,"Synbranchidae spp.",NA,NA,NA,NA,NA
"272","8826010000",NA,NA,NA,NA,NA,NA,1,NA,NA,NA,NA,NA,NA
"273","8826010600",NA,NA,NA,NA,NA,NA,1,NA,NA,NA,NA,NA,NA
"274","8826010605","Barbfish",142,NA,837,278,252,274,"Scorpaena brasiliensis","Scorpaena","Scorpaeninae","Scorpaenidae","Scorpaeniformes","Actinopterygii"
"275","8826010606","Smoothhead Scorpionfish",NA,NA,NA,1,NA,NA,"Scorpaena calcarata","Scorpaena","Scorpaeninae","Scorpaenidae","Scorpaeniformes","Actinopterygii"
"276","8826010614","Spotted Scorpionfish",1,NA,NA,NA,NA,NA,"Scorpaena plumieri","Scorpaena","Scorpaeninae","Scorpaenidae","Scorpaeniformes","Actinopterygii"
"277","8826020100","Searobins",NA,NA,NA,5,NA,20,"Prionotus spp.",NA,NA,NA,NA,NA
"278","8826020103","Leopard Searobin",331,5,18110,22267,63,12243,"Prionotus scitulus","Prionotus","Prionotinae","Triglidae","Scorpaeniformes","Actinopterygii"
"279","8826020104","Bighead Searobin",93,NA,3705,2792,178,6074,"Prionotus tribulus","Prionotus","Prionotinae","Triglidae","Scorpaeniformes","Actinopterygii"
"280","8826020105","Spiny Searobin",NA,NA,NA,NA,NA,1,"Prionotus alatus","Prionotus","Prionotinae","Triglidae","Scorpaeniformes","Actinopterygii"
"281","8826020111","Barred Searobin",1,NA,NA,NA,NA,627,"Prionotus martis","Prionotus","Prionotinae","Triglidae","Scorpaeniformes","Actinopterygii"
"282","8826020118","Blackfin Searobin",NA,NA,32,1,NA,103,"Prionotus rubio","Prionotus","Prionotinae","Triglidae","Scorpaeniformes","Actinopterygii"
"283","8826020123","Bigeye Searobin",1,NA,NA,NA,NA,165,"Prionotus longispinosus","Prionotus","Prionotinae","Triglidae","Scorpaeniformes","Actinopterygii"
"284","8832010101","Flying Gurnard",NA,NA,1,NA,NA,NA,"Dactylopterus volitans","Dactylopterus",NA,"Dactylopteridae","Scorpaeniformes","Actinopterygii"
"285","8835010105","Common Snook",NA,127,16409,26876,533,369,"Centropomus undecimalis","Centropomus",NA,"Centropomidae","Perciformes","Actinopterygii"
"286","8835020000","Sea Basses",NA,NA,NA,NA,1,4,"Serranidae spp.",NA,NA,NA,NA,NA
"287","8835020300",NA,1,NA,NA,NA,NA,NA,NA,NA,NA,NA,NA,NA
"288","8835020301","Black Sea Bass",9975,NA,888,2036,415,14419,"Centropristis striata","Centropristis","Serraninae","Serranidae","Perciformes","Actinopterygii"
"289","8835020304","Bank Sea Bass",NA,NA,NA,NA,NA,5,"Centropristis ocyurus","Centropristis","Serraninae","Serranidae","Perciformes","Actinopterygii"
"290","8835020305","Rock Sea Bass",25,NA,NA,NA,1,173,"Centropristis philadelphica","Centropristis","Serraninae","Serranidae","Perciformes","Actinopterygii"
"291","8835020401","Goliath Grouper",NA,NA,100,26,NA,NA,"Epinephelus itajara","Epinephelus","Epinephelinae","Serranidae","Perciformes","Actinopterygii"
"292","8835020408","Red Grouper",13,NA,188,30,3,11,"Epinephelus morio","Epinephelus","Epinephelinae","Serranidae","Perciformes","Actinopterygii"
"293","8835020500",NA,NA,NA,2,NA,NA,3,NA,NA,NA,NA,NA,NA
"294","8835020501","Gag",159,NA,2939,1744,186,1326,"Mycteroperca microlepis","Mycteroperca","Epinephelinae","Serranidae","Perciformes","Actinopterygii"
"295","8835020502","Black Grouper",NA,NA,4,1,NA,NA,"Mycteroperca bonaci","Mycteroperca","Epinephelinae","Serranidae","Perciformes","Actinopterygii"
"296","8835020505","Scamp",NA,NA,NA,NA,NA,1,"Mycteroperca phenax","Mycteroperca","Epinephelinae","Serranidae","Perciformes","Actinopterygii"
"297","8835021000",NA,NA,NA,2,NA,NA,10,NA,NA,NA,NA,NA,NA
"298","8835021002","Sand Perch",310,NA,1186,383,26,938,"Diplectrum formosum","Diplectrum","Serraninae","Serranidae","Perciformes","Actinopterygii"
"299","8835021005","Dwarf Sand Perch",3,NA,NA,NA,NA,391,"Diplectrum bivittatum","Diplectrum","Serraninae","Serranidae","Perciformes","Actinopterygii"
"300","8835022201","Pygmy Sea Bass",9,NA,151,47,NA,486,"Serraniculus pumilio","Serraniculus","Serraninae","Serranidae","Perciformes","Actinopterygii"
"301","8835022309","Belted Sandfish",18,NA,473,73,4,301,"Serranus subligarius","Serranus","Serraninae","Serranidae","Perciformes","Actinopterygii"
"302","8835030204","Whitespotted Soapfish",NA,NA,NA,NA,NA,1,"Rypticus maculatus","Rypticus","Grammistinae","Serranidae","Perciformes","Actinopterygii"
"303","8835160203","Shadow Bass",1,NA,NA,NA,NA,NA,"Ambloplites ariommus","Ambloplites",NA,"Centrarchidae","Perciformes","Actinopterygii"
"304","8835160402","Bluespotted Sunfish",19,NA,NA,2,NA,9,"Enneacanthus gloriosus","Enneacanthus",NA,"Centrarchidae","Perciformes","Actinopterygii"
"305","8835160500","Sunfishes",30,NA,155,22,3,119,"Lepomis spp.",NA,NA,NA,NA,NA
"306","8835160501","Redbreast Sunfish",NA,NA,NA,NA,NA,123,"Lepomis auritus","Lepomis",NA,"Centrarchidae","Perciformes","Actinopterygii"
"307","8835160504","Bluegill",50,NA,855,393,26,116,"Lepomis macrochirus","Lepomis",NA,"Centrarchidae","Perciformes","Actinopterygii"
"308","8835160507","Dollar Sunfish",1,NA,NA,27,1,2,"Lepomis marginatus","Lepomis",NA,"Centrarchidae","Perciformes","Actinopterygii"
"309","8835160509","Redear Sunfish",87,NA,92,92,2,129,"Lepomis microlophus","Lepomis",NA,"Centrarchidae","Perciformes","Actinopterygii"
"310","8835160510","Spotted Sunfish",29,NA,1,8,63,434,"Lepomis punctatus","Lepomis",NA,"Centrarchidae","Perciformes","Actinopterygii"
"311","8835160602","Largemouth Bass",28,NA,19,41,6,901,"Micropterus salmoides","Micropterus",NA,"Centrarchidae","Perciformes","Actinopterygii"
"312","8835160702","Black Crappie",NA,NA,1,3,NA,37,"Pomoxis nigromaculatus","Pomoxis",NA,"Centrarchidae","Perciformes","Actinopterygii"
"313","8835161001","Warmouth",NA,NA,12,2,NA,NA,"Lepomis gulosus","Lepomis",NA,"Centrarchidae","Perciformes","Actinopterygii"
"314","8835170101","Bigeye",NA,NA,NA,NA,NA,1,"Priacanthus arenatus","Priacanthus",NA,"Priacanthidae","Perciformes","Actinopterygii"
"315","8835180201","Bronze Cardinalfish",NA,NA,NA,NA,1,6,"Astrapogon alutus","Astrapogon","Apogoninae","Apogonidae","Perciformes","Actinopterygii"
"316","8835180503","Dusky Cardinalfish",NA,NA,NA,NA,NA,1,"Phaeoptyx pigmentaria","Phaeoptyx","Apogoninae","Apogonidae","Perciformes","Actinopterygii"
"317","8835200000",NA,NA,NA,NA,NA,NA,1,NA,NA,NA,NA,NA,NA
"318","8835200100",NA,NA,NA,NA,NA,NA,1,NA,NA,NA,NA,NA,NA
"319","8835200101","Swamp Darter",2,NA,3,15,1,5,"Etheostoma fusiforme","Etheostoma","Etheostomatinae","Percidae","Perciformes","Actinopterygii"
"320","8835200319","Blackbanded Darter",NA,NA,NA,NA,NA,3,"Percina nigrofasciata","Percina","Etheostomatinae","Percidae","Perciformes","Actinopterygii"
"321","8835250101","Bluefish",210,NA,144,319,6,1215,"Pomatomus saltatrix","Pomatomus",NA,"Pomatomidae","Perciformes","Actinopterygii"
"322","8835260101","Cobia",NA,NA,52,37,2,32,"Rachycentron canadum","Rachycentron",NA,"Rachycentridae","Perciformes","Actinopterygii"
"323","8835270200","Sharksuckers",NA,NA,NA,9,1,1,"Echeneis spp.",NA,NA,NA,NA,NA
"324","8835270201","Sharksucker",NA,NA,2,14,NA,126,"Echeneis naucrates","Echeneis",NA,"Echeneidae","Perciformes","Actinopterygii"
"325","8835270202","Whitefin Sharksucker",11,5,36,55,3,379,"Echeneis neucratoides","Echeneis",NA,"Echeneidae","Perciformes","Actinopterygii"
"326","8835280000","Jacks",NA,NA,NA,NA,NA,7,"Carangidae spp.",NA,NA,NA,NA,NA
"327","8835280300",NA,NA,NA,1,2,NA,NA,NA,NA,NA,NA,NA,NA
"328","8835280301","Yellow Jack",31,NA,NA,1,NA,1,"Caranx bartholomaei",NA,NA,NA,NA,NA
"329","8835280303","Crevalle Jack",14,212,2341,3306,74,1992,"Caranx hippos","Caranx","Caranginae","Carangidae","Perciformes","Actinopterygii"
"330","8835280304","Horse-eye Jack",10,44,29,66,NA,148,"Caranx latus","Caranx","Caranginae","Carangidae","Perciformes","Actinopterygii"
"331","8835280306","Blue Runner",56,8,91,165,3,158,"Caranx crysos","Caranx","Caranginae","Carangidae","Perciformes","Actinopterygii"
"332","8835280308","Bar Jack",NA,1,NA,NA,NA,NA,"Caranx ruber","Caranx","Caranginae","Carangidae","Perciformes","Actinopterygii"
"333","8835280401","Atlantic Bumper",140,NA,2451,2366,35,13608,"Chloroscombrus chrysurus","Chloroscombrus","Caranginae","Carangidae","Perciformes","Actinopterygii"
"334","8835280501","Leatherjacket",75,31,4839,7721,163,4435,"Oligoplites saurus","Oligoplites","Scomberoidinae","Carangidae","Perciformes","Actinopterygii"
"335","8835280701","Lookdown",15,30,568,853,24,935,"Selene vomer","Selene","Caranginae","Carangidae","Perciformes","Actinopterygii"
"336","8835280705","Atlantic Moonfish",NA,NA,NA,NA,NA,104,"Selene setapinnis","Selene","Caranginae","Carangidae","Perciformes","Actinopterygii"
"337","8835280901","Florida Pompano",35,1,375,241,9,995,"Trachinotus carolinus","Trachinotus","Trachinotinae","Carangidae","Perciformes","Actinopterygii"
"338","8835280902","Permit",NA,12,2680,1895,2,2543,"Trachinotus falcatus","Trachinotus","Trachinotinae","Carangidae","Perciformes","Actinopterygii"
"339","8835281202","Round Scad",1,NA,NA,29,NA,5,"Decapterus punctatus","Decapterus","Caranginae","Carangidae","Perciformes","Actinopterygii"
"340","8835281401","Bluntnose Jack",NA,NA,14,37,NA,465,"Hemicaranx amblyrhynchus","Hemicaranx","Caranginae","Carangidae","Perciformes","Actinopterygii"
"341","8835360100",NA,NA,NA,NA,NA,NA,7,NA,NA,NA,NA,NA,NA
"342","8835360102","Gray Snapper",605,1381,18346,9212,221,1943,"Lutjanus griseus","Lutjanus","Lutjaninae","Lutjanidae","Perciformes","Actinopterygii"
"343","8835360103","Mutton Snapper",NA,NA,69,7,NA,2,"Lutjanus analis","Lutjanus","Lutjaninae","Lutjanidae","Perciformes","Actinopterygii"
"344","8835360104","Schoolmaster",NA,2,2,1,NA,NA,"Lutjanus apodus","Lutjanus","Lutjaninae","Lutjanidae","Perciformes","Actinopterygii"
"345","8835360107","Red Snapper",NA,NA,NA,NA,NA,43,"Lutjanus campechanus","Lutjanus","Lutjaninae","Lutjanidae","Perciformes","Actinopterygii"
"346","8835360112","Lane Snapper",1303,3,11528,4821,268,5822,"Lutjanus synagris","Lutjanus","Lutjaninae","Lutjanidae","Perciformes","Actinopterygii"
"347","8835360401","Yellowtail Snapper",2,NA,83,62,7,1,"Ocyurus chrysurus","Ocyurus","Lutjaninae","Lutjanidae","Perciformes","Actinopterygii"
"348","8835380101","Tripletail",NA,NA,4,2,NA,37,"Lobotes surinamensis","Lobotes",NA,"Lobotidae","Perciformes","Actinopterygii"
"349","8835390000","Mojarras",NA,NA,31,216,NA,NA,"Gerreidae spp.",NA,NA,NA,NA,NA
"350","8835390100","Eucinostomus",12089,33000,455416,499548,16953,74859,"Eucinostomus spp.",NA,NA,NA,NA,NA
"351","8835390101","Spotfin Mojarra",184,40,NA,134,1,379,"Eucinostomus argenteus","Eucinostomus",NA,"Gerreidae","Perciformes","Actinopterygii"
"352","8835390102","Silver Jenny",1873,22037,160239,154395,5670,17139,"Eucinostomus gula","Eucinostomus",NA,"Gerreidae","Perciformes","Actinopterygii"
"353","8835390109","Slender Mojarra",NA,217,2,28,NA,NA,"Eucinostomus jonesii","Eucinostomus",NA,"Gerreidae","Perciformes","Actinopterygii"
"354","8835390111","Tidewater Mojarra",782,754,58506,97905,4590,16081,"Eucinostomus harengulus","Eucinostomus",NA,"Gerreidae","Perciformes","Actinopterygii"
"355","8835390200",NA,NA,NA,3,2,NA,NA,NA,NA,NA,NA,NA,NA
"356","8835390203","Striped Mojarra",NA,745,9646,12584,163,1,"Eugerres plumieri","Eugerres",NA,"Gerreidae","Perciformes","Actinopterygii"
"357","8835390204","Irish Pompano",NA,1,2105,1222,3,3,"Diapterus auratus","Diapterus",NA,"Gerreidae","Perciformes","Actinopterygii"
"358","8835390301","Yellowfin Mojarra",NA,643,23,5,NA,NA,"Gerres cinereus","Gerres",NA,"Gerreidae","Perciformes","Actinopterygii"
"359","8835400000",NA,1,NA,NA,NA,NA,NA,NA,NA,NA,NA,NA,NA
"360","8835400100",NA,1,NA,NA,15,NA,NA,NA,NA,NA,NA,NA,NA
"361","8835400101","Tomtate",17,NA,170,49,5,159,"Haemulon aurolineatum","Haemulon","Haemulinae","Haemulidae","Perciformes","Actinopterygii"
"362","8835400102","White Grunt",1504,7,3328,2691,827,2379,"Haemulon plumierii","Haemulon","Haemulinae","Haemulidae","Perciformes","Actinopterygii"
"363","8835400113","Bluestriped Grunt",NA,267,3,NA,NA,NA,"Haemulon sciurus","Haemulon","Haemulinae","Haemulidae","Perciformes","Actinopterygii"
"364","8835400117","Sailors Choice",NA,203,NA,NA,NA,NA,"Haemulon parra","Haemulon","Haemulinae","Haemulidae","Perciformes","Actinopterygii"
"365","8835400201","Pigfish",45176,5,98615,132215,5516,158564,"Orthopristis chrysoptera","Orthopristis","Haemulinae","Haemulidae","Perciformes","Actinopterygii"
"366","8835400306","Porkfish",NA,NA,1,NA,NA,NA,"Anisotremus virginicus","Anisotremus","Haemulinae","Haemulidae","Perciformes","Actinopterygii"
"367","8835430000",NA,6,NA,1,1,NA,40,NA,NA,NA,NA,NA,NA
"368","8835430101","Scup",NA,NA,NA,NA,NA,9,"Stenotomus chrysops","Stenotomus",NA,"Sparidae","Perciformes","Actinopterygii"
"369","8835430102","Longspine Porgy",NA,NA,NA,NA,NA,99,"Stenotomus caprinus","Stenotomus",NA,"Sparidae","Perciformes","Actinopterygii"
"370","8835430201","Pinfish",214602,6475,1405070,1408890,67811,605131,"Lagodon rhomboides","Lagodon",NA,"Sparidae","Perciformes","Actinopterygii"
"371","8835430301","Sheepshead",136,29,16655,21660,585,5009,"Archosargus probatocephalus","Archosargus",NA,"Sparidae","Perciformes","Actinopterygii"
"372","8835430302","Sea Bream",NA,50,23,NA,NA,NA,"Archosargus rhomboidalis","Archosargus",NA,"Sparidae","Perciformes","Actinopterygii"
"373","8835430401","Spottail Pinfish",7124,NA,1266,9168,2727,11794,"Diplodus holbrookii","Diplodus",NA,"Sparidae","Perciformes","Actinopterygii"
"374","8835430500",NA,3,NA,98,62,1,3,NA,NA,NA,NA,NA,NA
"375","8835430501","Grass Porgy",2389,NA,324,1539,1626,2888,"Calamus arctifrons","Calamus",NA,"Sparidae","Perciformes","Actinopterygii"
"376","8835430502","Jolthead Porgy",NA,NA,1,NA,NA,NA,"Calamus bajonado","Calamus",NA,"Sparidae","Perciformes","Actinopterygii"
"377","8835430505","Whitebone Porgy",NA,NA,NA,NA,NA,1,"Calamus leucosteus","Calamus",NA,"Sparidae","Perciformes","Actinopterygii"
"378","8835430506","Knobbed Porgy",NA,NA,2,NA,NA,NA,"Calamus nodosus","Calamus",NA,"Sparidae","Perciformes","Actinopterygii"
"379","8835430508","Littlehead Porgy",1,NA,9,4,1,NA,"Calamus proridens","Calamus",NA,"Sparidae","Perciformes","Actinopterygii"
"380","8835430510","Sheepshead Porgy",NA,NA,197,81,NA,NA,"Calamus penna","Calamus",NA,"Sparidae","Perciformes","Actinopterygii"
"381","8835430601","Red Porgy",NA,NA,NA,NA,NA,1,"Pagrus pagrus","Pagrus",NA,"Sparidae","Perciformes","Actinopterygii"
"382","8835440000","Drums",NA,NA,2,581,NA,32,"Sciaenidae spp.",NA,NA,NA,NA,NA
"383","8835440100",NA,NA,NA,NA,2,NA,6,NA,NA,NA,NA,NA,NA
"384","8835440102","Spotted Seatrout",1609,92,13140,19974,1043,14489,"Cynoscion nebulosus","Cynoscion",NA,"Sciaenidae","Perciformes","Actinopterygii"
"385","8835440103","Silver Seatrout",NA,NA,NA,NA,NA,77,"Cynoscion nothus","Cynoscion",NA,"Sciaenidae","Perciformes","Actinopterygii"
"386","8835440106","Sand Seatrout",77,NA,42945,38473,431,59529,"Cynoscion arenarius","Cynoscion",NA,"Sciaenidae","Perciformes","Actinopterygii"
"387","8835440301","Silver Perch",15691,5,94563,152228,7472,194802,"Bairdiella chrysoura","Bairdiella",NA,"Sciaenidae","Perciformes","Actinopterygii"
"388","8835440304","Blue Croaker",NA,NA,1,NA,NA,NA,"Corvula batabana","Corvula",NA,"Sciaenidae","Perciformes","Actinopterygii"
"389","8835440401","Spot",21925,NA,63611,192787,24016,416960,"Leiostomus xanthurus","Leiostomus",NA,"Sciaenidae","Perciformes","Actinopterygii"
"390","8835440501","Banded Drum",1,NA,NA,NA,NA,25,"Larimus fasciatus","Larimus",NA,"Sciaenidae","Perciformes","Actinopterygii"
"391","8835440600","Kingfishes",NA,NA,5,51,NA,106,"Menticirrhus spp.",NA,NA,NA,NA,NA
"392","8835440601","Southern Kingfish",21,NA,16135,19241,375,26362,"Menticirrhus americanus","Menticirrhus",NA,"Sciaenidae","Perciformes","Actinopterygii"
"393","8835440602","Gulf Kingfish",1,NA,172,116,NA,379,"Menticirrhus littoralis","Menticirrhus",NA,"Sciaenidae","Perciformes","Actinopterygii"
"394","8835440603","Northern Kingfish",10,NA,411,661,3,1114,"Menticirrhus saxatilis","Menticirrhus",NA,"Sciaenidae","Perciformes","Actinopterygii"
"395","8835440701","Atlantic Croaker",874,NA,282,599,10,117326,"Micropogonias undulatus","Micropogonias",NA,"Sciaenidae","Perciformes","Actinopterygii"
"396","8835440801","Black Drum",20,33,383,2096,39,5571,"Pogonias cromis","Pogonias",NA,"Sciaenidae","Perciformes","Actinopterygii"
"397","8835440900",NA,NA,NA,NA,1,NA,NA,NA,NA,NA,NA,NA,NA
"398","8835440901","Red Drum",235,31,11578,29350,664,16546,"Sciaenops ocellatus","Sciaenops",NA,"Sciaenidae","Perciformes","Actinopterygii"
"399","8835441001","Star Drum",NA,NA,NA,NA,NA,3067,"Stellifer lanceolatus","Stellifer",NA,"Sciaenidae","Perciformes","Actinopterygii"
"400","8835441202","Jackknife-fish",NA,NA,NA,NA,NA,1,"Equetus lanceolatus","Equetus",NA,"Sciaenidae","Perciformes","Actinopterygii"
"401","8835441402","Cubbyu",NA,NA,1,NA,NA,NA,"Pareques umbrosus","Pareques",NA,"Sciaenidae","Perciformes","Actinopterygii"
"402","8835450000",NA,NA,NA,1,NA,NA,NA,NA,NA,NA,NA,NA,NA
"403","8835450201","Red Goatfish",1,NA,8,6,NA,19,"Mullus auratus","Mullus",NA,"Mullidae","Perciformes","Actinopterygii"
"404","8835450301","Spotted Goatfish",NA,NA,NA,2,NA,NA,"Pseudupeneus maculatus","Pseudupeneus",NA,"Mullidae","Perciformes","Actinopterygii"
"405","8835510100",NA,NA,NA,NA,NA,NA,1,NA,NA,NA,NA,NA,NA
"406","8835510102","Bermuda Chub",NA,NA,NA,1,NA,3,"Kyphosus sectatrix","Kyphosus","Kyphosinae","Kyphosidae","Perciformes","Actinopterygii"
"407","8835520101","Atlantic Spadefish",103,99,6463,10404,321,4851,"Chaetodipterus faber","Chaetodipterus",NA,"Ephippidae","Perciformes","Actinopterygii"
"408","8835550101","Spotfin Butterflyfish",2,NA,2,2,NA,NA,"Chaetodon ocellatus","Chaetodon",NA,"Chaetodontidae","Perciformes","Actinopterygii"
"409","8835550103","Foureye Butterflyfish",NA,NA,1,NA,NA,NA,"Chaetodon capistratus","Chaetodon",NA,"Chaetodontidae","Perciformes","Actinopterygii"
"410","8835550402","French Angelfish",NA,NA,NA,NA,NA,2,"Pomacanthus paru","Pomacanthus",NA,"Pomacanthidae","Perciformes","Actinopterygii"
"411","8835610000","Cichlids",NA,NA,16,NA,NA,NA,"Cichlidae spp.",NA,NA,NA,NA,NA
"412","8835610200",NA,NA,NA,NA,NA,13,NA,NA,NA,NA,NA,NA,NA
"413","8835610221","Mayan Cichlid",NA,2,145,4,4,NA,"Cichlasoma urophthalmus",NA,NA,NA,NA,NA
"414","8835610301","Jewelfish",NA,NA,51,1,NA,NA,"Hemichromis letourneuxi","Hemichromis","Pseudocrenilabrinae","Cichlidae","Perciformes","Actinopterygii"
"415","8835610401","Blue Tilapia",NA,NA,89,18,NA,NA,"Oreochromis aureus","Oreochromis","Pseudocrenilabrinae","Cichlidae","Perciformes","Actinopterygii"
"416","8835610402","Spotted Tilapia",NA,NA,107,NA,NA,NA,"Tilapia mariae","Tilapia","Pseudocrenilabrinae","Cichlidae","Perciformes","Actinopterygii"
"417","8835610403","Blackchin Tilapia",NA,NA,7,171,NA,NA,"Sarotherodon melanotheron","Sarotherodon","Pseudocrenilabrinae","Cichlidae","Perciformes","Actinopterygii"
"418","8835614003","Nile Tilapia",NA,NA,NA,1,NA,NA,"Oreochromis niloticus","Oreochromis","Pseudocrenilabrinae","Cichlidae","Perciformes","Actinopterygii"
"419","8835615000","Tilapias",NA,NA,68,318,2,NA,"Oreochromis/Sarotherodon spp.",NA,NA,NA,NA,NA
"420","8835621233","Cocoa Damselfish",2,NA,1,NA,NA,NA,"Stegastes variabilis","Stegastes","Pomacentrinae","Pomacentridae","Perciformes","Actinopterygii"
"421","8835740101","Everglades Pygmy Sunfish",NA,NA,1,1,NA,NA,"Elassoma evergladei","Elassoma",NA,"Elassomatidae","Perciformes","Actinopterygii"
"422","8835740102","Okefenokee Pygmy Sunfish",NA,NA,NA,NA,NA,2,"Elassoma okefenokee","Elassoma",NA,"Elassomatidae","Perciformes","Actinopterygii"
"423","8835740103","Banded Pygmy Sunfish",NA,NA,NA,NA,NA,2,"Elassoma zonatum","Elassoma",NA,"Elassomatidae","Perciformes","Actinopterygii"
"424","8835750202","Striped Bass",NA,NA,NA,NA,NA,17,"Morone saxatilis","Morone",NA,"Moronidae","Perciformes","Actinopterygii"
"425","8835750203","Hybrid",NA,NA,NA,NA,NA,11,"Morone chrysops x saxatilis",NA,NA,NA,NA,NA
"426","8836010100","Mullets",3,1,19,1040,3,11,"Mugil spp.",NA,NA,NA,NA,NA
"427","8836010101","Striped Mullet",1166,120,62725,113765,3979,100887,"Mugil cephalus","Mugil",NA,"Mugilidae","Mugiliformes","Actinopterygii"
"428","8836010102","White Mullet",41,278,3981,10469,73,18899,"Mugil curema","Mugil",NA,"Mugilidae","Mugiliformes","Actinopterygii"
"429","8836010105","Fantail Mullet",NA,55,17442,17009,480,2631,"Mugil trichodon","Mugil",NA,"Mugilidae","Mugiliformes","Actinopterygii"
"430","8837010000",NA,NA,NA,1,1,NA,NA,NA,NA,NA,NA,NA,NA
"431","8837010100",NA,NA,NA,9,NA,NA,1,NA,NA,NA,NA,NA,NA
"432","8837010102","Sennet",182,NA,87,137,4,260,"Sphyraena borealis","Sphyraena",NA,"Sphyraenidae","Perciformes","Actinopterygii"
"433","8837010103","Guaguanche",5,NA,22,NA,NA,19,"Sphyraena guachancho","Sphyraena",NA,"Sphyraenidae","Perciformes","Actinopterygii"
"434","8837010104","Great Barracuda",28,2780,640,503,1,77,"Sphyraena barracuda","Sphyraena",NA,"Sphyraenidae","Perciformes","Actinopterygii"
"435","8838010101","Atlantic Threadfin",NA,NA,NA,NA,NA,1,"Polydactylus octonemus","Polydactylus",NA,"Polynemidae","Perciformes","Actinopterygii"
"436","8839010702","Slippery Dick",250,NA,113,45,16,916,"Halichoeres bivittatus","Halichoeres","Corinae","Labridae","Perciformes","Actinopterygii"
"437","8839010802","Pearly Razorfish",8,NA,NA,NA,NA,1,"Xyrichtys novacula","Xyrichtys","Xyrichtyinae","Labridae","Perciformes","Actinopterygii"
"438","8839010901","Hogfish",261,NA,26,35,11,399,"Lachnolaimus maximus","Lachnolaimus",NA,"Labridae","Perciformes","Actinopterygii"
"439","8839030000","Parrotfishes",NA,NA,NA,NA,NA,6,"Labridae spp. (parrotfishes)",NA,NA,NA,NA,NA
"440","8839030100",NA,2,NA,NA,NA,NA,NA,NA,NA,NA,NA,NA,NA
"441","8839030201","Bluelip Parrotfish",6,NA,NA,NA,NA,NA,"Cryptotomus roseus","Cryptotomus","Sparisomatinae","Scaridae","Perciformes","Actinopterygii"
"442","8839030301","Emerald Parrotfish",823,NA,7589,4274,482,387,"Nicholsina usta",NA,NA,NA,NA,NA
"443","8839030403","Redtail Parrotfish",17,NA,NA,NA,NA,NA,"Sparisoma chrysopterum","Sparisoma","Sparisomatinae","Scaridae","Perciformes","Actinopterygii"
"444","8839030404","Bucktooth Parrotfish",38,NA,NA,NA,NA,7,"Sparisoma radians","Sparisoma","Sparisomatinae","Scaridae","Perciformes","Actinopterygii"
"445","8839030405","Redfin Parrotfish",NA,NA,NA,NA,NA,1,"Sparisoma rubripinne","Sparisoma","Sparisomatinae","Scaridae","Perciformes","Actinopterygii"
"446","8840020200","Spotfin Jawfishes",NA,NA,1,NA,NA,NA,"Opistognathus spp.",NA,NA,NA,NA,NA
"447","8840020299","Spotfin Jawfish",7,NA,5,1,NA,3,"Opistognathus robinsi","Opistognathus",NA,"Opistognathidae","Perciformes","Actinopterygii"
"448","8840130000",NA,NA,NA,NA,1,NA,NA,NA,NA,NA,NA,NA,NA
"449","8840130200",NA,NA,NA,NA,1,NA,NA,NA,NA,NA,NA,NA,NA
"450","8840130204","Speckled Stargazer",5,NA,NA,12,NA,2,"Dactyloscopus moorei","Dactyloscopus",NA,"Dactyloscopidae","Perciformes","Actinopterygii"
"451","8840140102","Southern Stargazer",9,NA,28,38,1,193,"Astroscopus y-graecum","Astroscopus",NA,"Uranoscopidae","Perciformes","Actinopterygii"
"452","8842010000","Combtooth Blennies",NA,NA,1,1,NA,5,"Blenniidae spp.",NA,NA,NA,NA,NA
"453","8842010201","Feather Blenny",54,NA,131,198,1,420,"Hypsoblennius hentz","Hypsoblennius","Salariinae","Blenniidae","Perciformes","Actinopterygii"
"454","8842010202","Freckled Blenny",NA,NA,NA,NA,NA,3,"Hypsoblennius ionthas","Hypsoblennius","Salariinae","Blenniidae","Perciformes","Actinopterygii"
"455","8842010302","Florida Blenny",422,4,2920,2862,151,681,"Chasmodes saburrae","Chasmodes","Salariinae","Blenniidae","Perciformes","Actinopterygii"
"456","8842010500",NA,1,NA,NA,2,NA,3,NA,NA,NA,NA,NA,NA
"457","8842010501","Crested Blenny",NA,NA,NA,3,NA,31,"Hypleurochilus geminatus","Hypleurochilus","Salariinae","Blenniidae","Perciformes","Actinopterygii"
"458","8842010598","Zebratail Blenny",13,NA,60,99,5,143,"Hypleurochilus caudovittatus","Hypleurochilus","Salariinae","Blenniidae","Perciformes","Actinopterygii"
"459","8842010599","Plumed Blenny",NA,NA,NA,NA,NA,1,"Hypeurochilus multifilis",NA,NA,NA,NA,NA
"460","8842011402","Highfin Blenny",NA,NA,6,7,NA,NA,"Lupinoblennius nicholsi","Lupinoblennius","Salariinae","Blenniidae","Perciformes","Actinopterygii"
"461","8842012501","Seaweed Blenny",6,NA,8,1,NA,63,"Parablennius marmoreus","Parablennius","Salariinae","Blenniidae","Perciformes","Actinopterygii"
"462","8842090500",NA,1,NA,NA,NA,NA,NA,NA,NA,NA,NA,NA,NA
"463","8842090503","Banded Blenny",696,23,NA,1,136,1062,"Paraclinus fasciatus","Paraclinus",NA,"Labrisomidae","Perciformes","Actinopterygii"
"464","8842090506","Marbled Blenny",4,1,415,179,3,113,"Paraclinus marmoratus","Paraclinus",NA,"Labrisomidae","Perciformes","Actinopterygii"
"465","8842090602","Checkered Blenny",NA,NA,NA,NA,NA,8,"Starksia ocellata","Starksia",NA,"Labrisomidae","Perciformes","Actinopterygii"
"466","8842100101","Chameleon Blenny",NA,NA,NA,1,NA,NA,"Protemblemaria punctata",NA,NA,NA,NA,NA
"467","8846010702","Spotted Dragonet",1,120,NA,6,NA,NA,"Diplogrammus pauciradiatus","Diplogrammus",NA,"Callionymidae","Perciformes","Actinopterygii"
"468","8847010000","Gobies",1,NA,15,3,1,19,"Gobiidae spp.",NA,NA,NA,NA,NA
"469","8847010500",NA,5,NA,NA,1,NA,2,NA,NA,NA,NA,NA,NA
"470","8847010501","Darter Goby",428,NA,123,250,3,11112,"Ctenogobius boleosoma","Ctenogobius","Gobionellinae","Gobiidae","Perciformes","Actinopterygii"
"471","8847010503","Highfin Goby",19,NA,8,15,NA,283,"Gobionellus oceanicus","Gobionellus","Gobionellinae","Gobiidae","Perciformes","Actinopterygii"
"472","8847010504","Freshwater Goby",16,NA,NA,NA,NA,13,"Ctenogobius shufeldti","Ctenogobius","Gobionellinae","Gobiidae","Perciformes","Actinopterygii"
"473","8847010506","Marked Goby",NA,NA,NA,NA,NA,5,"Ctenogobius stigmaticus","Ctenogobius","Gobionellinae","Gobiidae","Perciformes","Actinopterygii"
"474","8847010511","Emerald Goby",NA,NA,46,51,NA,NA,"Ctenogobius smaragdus","Ctenogobius","Gobionellinae","Gobiidae","Perciformes","Actinopterygii"
"475","8847010600","Gobiosoma Gobies",124,40,7870,10502,432,698,"Gobiosoma spp.",NA,NA,NA,NA,NA
"476","8847010601","Naked Goby",42,18,1411,4537,82,2164,"Gobiosoma bosc","Gobiosoma","Gobiinae","Gobiidae","Perciformes","Actinopterygii"
"477","8847010603","Code Goby",207,28,17739,9574,647,769,"Gobiosoma robustum","Gobiosoma","Gobiinae","Gobiidae","Perciformes","Actinopterygii"
"478","8847010606","Twoscale Goby",3,NA,365,298,1,140,"Gobiosoma longipala","Gobiosoma","Gobiinae","Gobiidae","Perciformes","Actinopterygii"
"479","8847010607","Tiger Goby",2,NA,NA,22,NA,12,"Elacatinus macrodon",NA,NA,NA,NA,NA
"480","8847010700",NA,1,1,1,11,NA,13,NA,NA,NA,NA,NA,NA
"481","8847010701","Clown Goby",672,6214,54268,73930,4285,2199,"Microgobius gulosus","Microgobius","Gobiinae","Gobiidae","Perciformes","Actinopterygii"
"482","8847010702","Green Goby",23,NA,491,1923,8,4358,"Microgobius thalassinus","Microgobius","Gobiinae","Gobiidae","Perciformes","Actinopterygii"
"483","8847010703","Seminole Goby",1,NA,NA,NA,NA,4,"Microgobius carri","Microgobius","Gobiinae","Gobiidae","Perciformes","Actinopterygii"
"484","8847010704","Banner Goby",NA,603,NA,NA,NA,NA,"Microgobius microlepis","Microgobius","Gobiinae","Gobiidae","Perciformes","Actinopterygii"
"485","8847010900",NA,NA,NA,NA,41,1,NA,NA,NA,NA,NA,NA,NA
"486","8847010901","Notchtongue Goby",NA,NA,NA,1,NA,NA,"Bathygobius curacao","Bathygobius","Gobiinae","Gobiidae","Perciformes","Actinopterygii"
"487","8847010903","Frillfin Goby",1,NA,428,642,2,342,"Bathygobius soporator","Bathygobius","Gobiinae","Gobiidae","Perciformes","Actinopterygii"
"488","8847011201","Violet Goby",NA,NA,NA,NA,NA,4,"Gobioides broussonetii",NA,NA,NA,NA,NA
"489","8847011801","Emerald Sleeper",NA,NA,NA,NA,NA,3,"Erotelis smaragdus","Erotelis","Eleotrinae","Eleotridae","Perciformes","Actinopterygii"
"490","8847012501","Crested Goby",NA,161,276,104,5,NA,"Lophogobius cyprinoides","Lophogobius","Gobiinae","Gobiidae","Perciformes","Actinopterygii"
"491","8847013302","Fat Sleeper",NA,NA,2,NA,NA,2,"Dormitator maculatus","Dormitator","Eleotrinae","Eleotridae","Perciformes","Actinopterygii"
"492","8847013708","Largescaled Spinycheek Sleeper",NA,NA,NA,NA,NA,3,"Eleotris amblyopsis","Eleotris","Eleotrinae","Eleotridae","Perciformes","Actinopterygii"
"493","8849010102","Doctorfish",2,NA,1,NA,NA,NA,"Acanthurus chirurgus","Acanthurus","Acanthurinae","Acanthuridae","Perciformes","Actinopterygii"
"494","8850020201","Atlantic Cutlassfish",5,NA,NA,NA,NA,35,"Trichiurus lepturus","Trichiurus","Trichiurinae","Trichiuridae","Perciformes","Actinopterygii"
"495","8850030102","Little Tunny",NA,NA,NA,3,NA,NA,"Euthynnus alletteratus","Euthynnus","Scombrinae","Scombridae","Perciformes","Actinopterygii"
"496","8850030502","Spanish Mackerel",26,NA,266,551,20,1230,"Scomberomorus maculatus","Scomberomorus","Scombrinae","Scombridae","Perciformes","Actinopterygii"
"497","8851020104","Spotted Driftfish",1,NA,NA,NA,NA,NA,"Ariomma regulus","Ariomma",NA,"Ariommatidae","Perciformes","Actinopterygii"
"498","8851030100",NA,1,NA,NA,NA,NA,4,NA,NA,NA,NA,NA,NA
"499","8851030104","Gulf Butterfish",4,NA,1,1,NA,1345,"Peprilus burti","Peprilus",NA,"Stromateidae","Perciformes","Actinopterygii"
"500","8851030106","Harvestfish",2,NA,33,66,1,2642,"Peprilus paru","Peprilus",NA,"Stromateidae","Perciformes","Actinopterygii"
"501","8.855e+09",NA,NA,NA,1,2,NA,NA,NA,NA,NA,NA,NA,NA
"502","8857030000","Sand Flounders",NA,NA,1,NA,NA,12,"Bothidae spp.",NA,NA,NA,NA,NA
"503","8857030100",NA,NA,NA,NA,NA,NA,10,NA,NA,NA,NA,NA,NA
"504","8857030106","Horned Whiff",NA,NA,NA,2,NA,NA,"Citharichthys cornutus","Citharichthys",NA,"Paralichthyidae","Pleuronectiformes","Actinopterygii"
"505","8857030109","Spotted Whiff",76,NA,833,309,1,2858,"Citharichthys macrops","Citharichthys",NA,"Paralichthyidae","Pleuronectiformes","Actinopterygii"
"506","8857030110","Bay Whiff",32,NA,NA,NA,NA,2741,"Citharichthys spilopterus","Citharichthys",NA,"Paralichthyidae","Pleuronectiformes","Actinopterygii"
"507","8857030200",NA,2,NA,NA,NA,NA,20,NA,NA,NA,NA,NA,NA
"508","8857030201","Fringed Flounder",99,NA,2902,604,9,35243,"Etropus crossotus","Etropus",NA,"Paralichthyidae","Pleuronectiformes","Actinopterygii"
"509","8857030202","Smallmouth Flounder",15,NA,NA,NA,NA,130,"Etropus microstomus","Etropus",NA,"Paralichthyidae","Pleuronectiformes","Actinopterygii"
"510","8857030204","Gray Flounder",NA,NA,NA,NA,NA,26,"Etropus rimosus","Etropus",NA,"Paralichthyidae","Pleuronectiformes","Actinopterygii"
"511","8857030205","Shelf Flounder",15,NA,NA,NA,NA,433,"Etropus cyclosquamus","Etropus",NA,"Paralichthyidae","Pleuronectiformes","Actinopterygii"
"512","8857030300",NA,NA,NA,NA,NA,NA,15,NA,NA,NA,NA,NA,NA
"513","8857030302","Gulf Flounder",2159,NA,5426,6786,267,11511,"Paralichthys albigutta","Paralichthys",NA,"Paralichthyidae","Pleuronectiformes","Actinopterygii"
"514","8857030304","Southern Flounder",11,NA,NA,NA,NA,1435,"Paralichthys lethostigma","Paralichthys",NA,"Paralichthyidae","Pleuronectiformes","Actinopterygii"
"515","8857030306","Broad Flounder",NA,NA,NA,NA,NA,122,"Paralichthys squamilentus","Paralichthys",NA,"Paralichthyidae","Pleuronectiformes","Actinopterygii"
"516","8857030506","Ocellated Flounder",31,NA,393,195,7,1701,"Ancylopsetta quadrocellata",NA,NA,NA,NA,NA
"517","8857030604","Twospot Flounder",3,NA,8,NA,NA,NA,"Bothus robinsi","Bothus",NA,"Bothidae","Pleuronectiformes","Actinopterygii"
"518","8857030801","Mexican Flounder",NA,NA,NA,NA,NA,1,"Cyclopsetta chittendeni","Cyclopsetta",NA,"Paralichthyidae","Pleuronectiformes","Actinopterygii"
"519","8857031300",NA,NA,NA,NA,NA,NA,2,NA,NA,NA,NA,NA,NA
"520","8857031301","Shoal Flounder",NA,NA,NA,NA,NA,2,"Syacium gunteri","Syacium",NA,"Paralichthyidae","Pleuronectiformes","Actinopterygii"
"521","8857031303","Dusky Flounder",4,NA,8,NA,NA,7,"Syacium papillosum","Syacium",NA,"Paralichthyidae","Pleuronectiformes","Actinopterygii"
"522","8857050000","Lefteyed Flounders",NA,NA,NA,1,NA,2,"Paralichthyidae spp.",NA,NA,NA,NA,NA
"523","8858010000","American Soles",NA,NA,1,1,4,2,"Achiridae spp.",NA,NA,NA,NA,NA
"524","8858020101","Blackcheek Tonguefish",123,2,4556,5971,271,9605,"Symphurus plagiusa","Symphurus","Symphurinae","Cynoglossidae","Pleuronectiformes","Actinopterygii"
"525","8858020102","Offshore Tonguefish",NA,NA,NA,NA,NA,36,"Symphurus civitatium","Symphurus","Symphurinae","Cynoglossidae","Pleuronectiformes","Actinopterygii"
"526","8858020106","Pygmy Tonguefish",NA,NA,NA,NA,NA,12,"Symphurus parvus","Symphurus","Symphurinae","Cynoglossidae","Pleuronectiformes","Actinopterygii"
"527","8858030101","Hogchoker",158,28,46360,23627,131,6269,"Trinectes maculatus","Trinectes",NA,"Achiridae","Pleuronectiformes","Actinopterygii"
"528","8858030102","Scrawled Sole",NA,1,NA,NA,NA,NA,"Trinectes inscriptus","Trinectes",NA,"Achiridae","Pleuronectiformes","Actinopterygii"
"529","8858030202","Lined Sole",209,74,3272,5230,145,487,"Achirus lineatus","Achirus",NA,"Achiridae","Pleuronectiformes","Actinopterygii"
"530","8858030301","Naked Sole",NA,NA,2,1,NA,NA,"Gymnachirus melas","Gymnachirus",NA,"Achiridae","Pleuronectiformes","Actinopterygii"
"531","8858030303","Fringed Sole",NA,NA,1,NA,NA,NA,"Gymnachirus texae","Gymnachirus",NA,"Achiridae","Pleuronectiformes","Actinopterygii"
"532","8860020000","Triggerfishes",NA,NA,NA,NA,7,NA,"Balistidae spp.",NA,NA,NA,NA,NA
"533","8860020101","Orange Filefish",397,3,423,497,24,597,"Aluterus schoepfii","Aluterus",NA,"Monacanthidae","Tetraodontiformes","Actinopterygii"
"534","8860020104","Scrawled Filefish",NA,1,NA,1,NA,NA,"Aluterus scriptus","Aluterus",NA,"Monacanthidae","Tetraodontiformes","Actinopterygii"
"535","8860020700",NA,NA,NA,NA,NA,NA,3,NA,NA,NA,NA,NA,NA
"536","8860020701","Fringed Filefish",6307,2,451,641,498,5609,"Monacanthus ciliatus","Monacanthus",NA,"Monacanthidae","Tetraodontiformes","Actinopterygii"
"537","8860020703","Planehead Filefish",9384,3,12417,12045,1391,14763,"Stephanolepis hispidus","Stephanolepis",NA,"Monacanthidae","Tetraodontiformes","Actinopterygii"
"538","8860020704","Pygmy Filefish",NA,NA,NA,5,NA,2,"Stephanolepis setifer","Stephanolepis",NA,"Monacanthidae","Tetraodontiformes","Actinopterygii"
"539","8860030000","Boxfishes",NA,NA,NA,20,3,1,"Ostraciidae spp.",NA,NA,NA,NA,NA
"540","8860030100","Trunkfishes",NA,NA,NA,10,1,NA,"Lactophrys spp.",NA,NA,NA,NA,NA
"541","8860030101","Trunkfish",7,5,30,37,NA,9,"Lactophrys trigonus","Lactophrys",NA,"Ostraciidae","Tetraodontiformes","Actinopterygii"
"542","8860030103","Smooth Trunkfish",4,NA,NA,NA,NA,2,"Lactophrys triqueter",NA,NA,NA,NA,NA
"543","8860030200","Cowfish",1,NA,NA,NA,NA,2,"Acanthostracion spp.",NA,NA,NA,NA,NA
"544","8860030201","Scrawled Cowfish",1169,7,5174,9873,279,2026,"Acanthostracion quadricornis","Acanthostracion",NA,"Ostraciidae","Tetraodontiformes","Actinopterygii"
"545","8860030202","Honeycomb Cowfish",NA,NA,NA,NA,NA,2,"Acanthostracion polygonius","Acanthostracion",NA,"Ostraciidae","Tetraodontiformes","Actinopterygii"
"546","8860040000","Filefishes",NA,1,1,NA,NA,NA,"Monacanthidae spp.",NA,NA,NA,NA,NA
"547","8861010101","Smooth Puffer",NA,NA,NA,NA,NA,3,"Lagocephalus laevigatus","Lagocephalus","Tetraodontinae","Tetraodontidae","Tetraodontiformes","Actinopterygii"
"548","8861010200",NA,3,NA,3,2,NA,204,NA,NA,NA,NA,NA,NA
"549","8861010201","Northern Puffer",NA,NA,1,NA,NA,NA,"Sphoeroides maculatus","Sphoeroides","Tetraodontinae","Tetraodontidae","Tetraodontiformes","Actinopterygii"
"550","8861010202","Checkered Puffer",NA,1,NA,NA,NA,NA,"Sphoeroides testudineus","Sphoeroides","Tetraodontinae","Tetraodontidae","Tetraodontiformes","Actinopterygii"
"551","8861010208","Southern Puffer",1380,174,12559,10687,680,4840,"Sphoeroides nephelus","Sphoeroides","Tetraodontinae","Tetraodontidae","Tetraodontiformes","Actinopterygii"
"552","8861010210","Least Puffer",46,NA,NA,NA,NA,334,"Sphoeroides parvus","Sphoeroides","Tetraodontinae","Tetraodontidae","Tetraodontiformes","Actinopterygii"
"553","8861010211","Bandtail Puffer",14,21,145,141,10,29,"Sphoeroides spengleri","Sphoeroides","Tetraodontinae","Tetraodontidae","Tetraodontiformes","Actinopterygii"
"554","8861030100",NA,NA,1,NA,NA,NA,1,NA,NA,NA,NA,NA,NA
"555","8861030101","Striped Burrfish",4365,131,17901,13541,384,7318,"Chilomycterus schoepfii","Chilomycterus",NA,"Diodontidae","Tetraodontiformes","Actinopterygii"
"556","8861030200",NA,NA,NA,NA,1,NA,NA,NA,NA,NA,NA,NA,NA
"557","8861030201","Porcupinefish",1,NA,NA,NA,NA,NA,"Diodon hystrix","Diodon",NA,"Diodontidae","Tetraodontiformes","Actinopterygii"
"558","8861030202","Balloonfish",NA,NA,15,6,NA,NA,"Diodon holocanthus","Diodon",NA,"Diodontidae","Tetraodontiformes","Actinopterygii"
"559","9002010201","Alligator Snapping Turtle",NA,NA,NA,NA,NA,1,"Macrochelys temminckii",NA,NA,NA,NA,NA
"560","9002030300","Terrapin",NA,NA,NA,1,NA,NA,"Malaclemys spp.",NA,NA,NA,NA,NA
"561","9002030301","Diamondback Terrapin",2,2,18,57,3,155,"Malaclemys terrapin",NA,NA,NA,NA,NA
"562","9002030501","Chicken Turtle",NA,NA,NA,NA,NA,7,"Deirochelys reticularia",NA,NA,NA,NA,NA
"563","9002030800","Cooters - Turtles",1,NA,NA,NA,NA,1,"Pseudemys spp.",NA,NA,NA,NA,NA
"564","9002030802","Suwannee Cooter",NA,NA,NA,NA,NA,3,"Pseudemys suwanniensis",NA,NA,NA,NA,NA
"565","9002030803","Peninsula Cooter",NA,NA,1,NA,5,1,"Pseudemys peninsularis",NA,NA,NA,NA,NA
"566","9002030804","Florida Redbelly Turtle",NA,NA,NA,NA,NA,1,"Pseudemys nelsoni",NA,NA,NA,NA,NA
"567","9002040101","Loggerhead Sea Turtle",2,NA,3,NA,NA,5,"Caretta caretta",NA,NA,NA,NA,NA
"568","9002040201","Green Sea Turtle",2,NA,28,15,1,52,"Chelonia mydas",NA,NA,NA,NA,NA
"569","9002040400","Ridley Sea Turtles",NA,NA,1,NA,NA,NA,"Lepidochelys spp.",NA,NA,NA,NA,NA
"570","9002040401","Kemps Ridley Sea Turtle",1,NA,5,NA,NA,21,"Lepidochelys kempii",NA,NA,NA,NA,NA
"571","9002060201","Florida Softshell",NA,NA,3,NA,NA,NA,"Apalone ferox",NA,NA,NA,NA,NA
"572","9.998e+09",NA,0,0,0,0,0,0,NA,NA,NA,NA,NA,NA
"573","9.999e+09",NA,NA,NA,2,7,1,2,NA,NA,NA,NA,NA,NA
"574","878301020201","Gulf Toadfish (red morph)",2,4,NA,2,NA,7,"Opsanus beta (red morph)",NA,NA,NA,NA,NA
"575","878301020202","Gulf Toadfish (yellow morph)",NA,3,NA,NA,NA,NA,"Opsanus beta (yellow morph)",NA,NA,NA,NA,NA
"576","900203090102","Red-eared Turtle",NA,NA,NA,1,NA,NA,"Trachemys scripta elegans",NA,NA,NA,NA,NA
