"","NODCCODE","Commonname",">30","25-26","26-27","27-28","28-29","29-30","Troph","Polar","Boreal","Temperate","Subtropical"
"1","8707100101","Nurse Shark",NA,6,29,1,NA,NA,4.29666666666667,0,-2,-3,-5
"2","8708020301","Atlantic Sharpnose Shark",1,NA,NA,4,1,96.5,4.3025,0,-1,-5,-2
"3","8708020502","Bull Shark",NA,1,23,15,1,14,4.31,0,-3,-8,-22
"4","8708020504","Blacknose Shark",NA,NA,1,7,NA,NA,4.355,0,-1,-2,-2
"5","8708020507","Blacktip Shark",NA,NA,17,15.5,NA,43.5,4.375,0,-3,-8,-15
"6","8708020530","Spinner Shark",NA,NA,NA,NA,NA,2,4.2,0,-3,-5,-13
"7","8708020531","Finetooth Shark",NA,NA,NA,NA,NA,5,4.2,0,-1,-2,-2
"8","8708020801","Lemon Shark",NA,7,1,6,NA,1,4.3825,0,-2,-2,-4
"9","8708030101","Bonnethead",1,32.5,228.5,477.5,9,538.5,3.498,0,-2,-4,-4
"10","8708030103","Scalloped Hammerhead",NA,NA,NA,NA,NA,1,4.18666666666667,0,-2,-6,-16
"11","8708040201","Smooth Dogfish",NA,NA,NA,NA,NA,1,3.62857142857143,0,-1,-5,-2
"12","8713010101","Smalltooth Sawfish",NA,NA,15.5,1,NA,NA,NA,0,-2,-3,-7
"13","8713020101","Atlantic Guitarfish",NA,NA,6,77,NA,5,NA,0,-1,-1,-2
"14","8713040113","Clearnose Skate",NA,NA,18.5,3,NA,31,3.89714285714286,0,-1,-3,-2
"15","8713040126","Freckled Skate",NA,NA,NA,NA,NA,1,NA,0,-1,-1,-1
"16","8713040133","Roundel Skate",3,NA,NA,5.66666666666667,NA,13,NA,0,-1,-1,-2
"17","8713050103","Southern Stingray",9,9,360,223.5,12.5,164,3.525,0,-1,-2,-2
"18","8713050105","Atlantic Stingray",190.5,2,2503.08333333333,7008.33333333333,217,27786.6666666667,NA,0,-2,-3,-4
"19","8713050106","Bluntnose Stingray",55,1,397.833333333333,731.416666666667,15,2505.83333333333,3.6075,0,-1,-3,-1
"20","8713050202","Smooth Butterfly Ray",6,NA,100.5,347.833333333333,24,1105.83333333333,NA,0,-1,-2,-3
"21","8713070101","Spotted Eagle Ray",1,NA,45.5,33.5,NA,29,4.12,0,-2,-4,-14
"22","8713070301","Cownose Ray",28,NA,877.166666666667,3916.75,153,1476.16666666667,3.70666666666667,0,-1,-3,-3
"23","8713120101","Lesser Electric Ray",NA,NA,NA,NA,NA,24.5,NA,0,-1,-1,-1
"24","8729010105","Atlantic Sturgeon",NA,NA,NA,NA,NA,29,NA,0,-8,-13,-10
"25","8732010101","Longnose Gar",9,NA,286,157.5,38,592,NA,0,-2,-5,-3
"26","8732010102","Spotted Gar",1,NA,NA,NA,NA,21,NA,0,-1,-4,-2
"27","8732010105","Florida Gar",NA,NA,39,48,2,18,NA,0,-1,-1,-1
"28","8734010101","Bowfin",NA,NA,1,3,NA,1,NA,0,-2,-7,-2
"29","8738010101","Ladyfish",176.5,125,7458.58333333333,22112.4,440.5,8847.5,3.4825,0,-1,-3,-3
"30","8738010199","Malacho",NA,NA,1,2,NA,10,NA,0,0,0,0
"31","8738020201","Tarpon",NA,16,19,5,NA,14,3.885,0,-2,-6,-5
"32","8739010101","Bonefish",NA,8,38,13,1,9.5,3.735,0,-2,-7,-9
"33","8739010104","Channel Bonefish",NA,NA,NA,1,NA,NA,NA,0,0,0,0
"34","8741010101","American Eel",NA,NA,3,NA,NA,3,3.83,-1,-3,-12,-6
"35","8741050404","Blackedge Moray",1,NA,NA,NA,NA,2,NA,0,-1,-1,-2
"36","8741050407","Ocellated Moray",5,NA,2,NA,2,8,NA,0,-1,-2,-2
"37","8741130201","Whip Eel",NA,NA,1,NA,NA,NA,NA,0,-1,-2,-2
"38","8741130802","Speckled Worm Eel",3,NA,31.5,12,4,679.5,NA,0,-1,-2,-2
"39","8741131001","Shrimp Eel",2,NA,2,2,NA,27,NA,0,-1,-2,-2
"40","8741133101","Spotted Spoon-nose Eel",NA,NA,NA,1,NA,NA,NA,0,-1,-2,-2
"41","8741133102","Stippled Spoon-nose Eel",NA,NA,NA,NA,NA,1,NA,0,-1,-1,-2
"42","8747010104","Alabama Shad",NA,NA,NA,NA,NA,83,NA,0,-2,-5,-7
"43","8747010106","Skipjack Herring",NA,NA,NA,NA,NA,84,NA,0,-2,-5,-4
"44","8747010501","Gizzard Shad",NA,NA,29,17.5,3,995.333333333333,NA,0,-3,-8,-5
"45","8747010502","Threadfin Shad",6,NA,201,767,7.5,2004,2.616,0,-3,-7,-7
"46","8747010701","Atlantic Thread Herring",201.666666666667,809.25,12842.0833333333,18824.3333333333,490.5,9153.5,3.192,0,-1,-3,-2
"47","8747010803","Scaled Sardine",7159.66666666667,843.166666666667,62690.15,167934.483333333,1657.5,91605.0333333333,3.486,0,-1,-1,-2
"48","8747010901","Dwarf Herring",NA,1017,NA,NA,NA,NA,3.22,0,-1,-1,-2
"49","8747010903","Shortband Herring",NA,283,NA,NA,NA,NA,NA,0,-1,-1,-2
"50","8747011001","Spanish Sardine",8.5,NA,1479.16666666667,8121.5,9,1414,3.2,0,-2,-6,-7
"51","8747020103","Silver Anchovy",2,NA,NA,1,NA,1,NA,0,-1,-2,-2
"52","8747020201","Striped Anchovy",319.166666666667,1,13064.4166666667,17939.1166666667,1033.66666666667,46150.1,3.40333333333333,0,-1,-4,-2
"53","8747020202","Bay Anchovy",6918.33333333333,2704.83333333333,549198.25,990800.123809524,19472.1666666667,565019.366666667,3.0925,0,-1,-3,-2
"54","8747020203","Cuban Anchovy",9,NA,NA,8858.41666666667,22.5,6836.6,NA,0,-1,-1,-2
"55","8747020204","Bigeye Anchovy",NA,2,NA,NA,NA,NA,NA,0,-1,-1,-2
"56","8747020205","Dusky Anchovy",165.666666666667,1,10,754.5,2,1756.41666666667,NA,0,-1,-1,-2
"57","8758010103","Chain Pickerel",2,NA,NA,NA,NA,1,NA,0,-1,-5,-2
"58","8762020101","Inshore Lizardfish",976.5,28,9893.33333333333,10582.1666666667,594.333333333333,7787,4.11142857142857,0,-1,-2,-2
"59","8762020301","Largescale Lizardfish",NA,NA,NA,NA,NA,1,NA,0,-1,-1,-3
"60","8776010101","Common Carp",NA,NA,NA,NA,NA,11.5,2.62916666666667,0,-7,-25,-34
"61","8776010601","Golden Shiner",NA,NA,2,8,NA,270.666666666667,2.83857142857143,0,-1,-5,-3
"62","8776011104","Ironcolor Shiner",NA,NA,NA,NA,NA,8.5,NA,0,-1,-5,-4
"63","8776011124","Weed Shiner",NA,NA,NA,NA,NA,18.5,NA,0,-1,-3,-2
"64","8776011178","Taillight Shiner",NA,NA,15,9,NA,2,NA,0,-1,-2,-2
"65","8776011185","Coastal Shiner",52,NA,57,140.5,1,1210.66666666667,NA,0,-1,-3,-2
"66","8776012301","Grass Carp",NA,NA,1,NA,NA,1,2,0,-2,-13,-18
"67","8776017621","Blacktail Shiner",NA,NA,NA,NA,NA,1,NA,0,-1,-3,-3
"68","8776040201","Quillback",NA,NA,NA,NA,NA,1,NA,0,-3,-4,-2
"69","8776040301","Lake Chubsucker",NA,NA,NA,NA,1,1,NA,0,-1,-4,-2
"70","8776040801","Spotted Sucker",NA,NA,NA,NA,NA,3.5,NA,0,-1,-6,-2
"71","8777020102","Blue Catfish",NA,NA,NA,NA,NA,63,NA,0,-1,-5,-4
"72","8777020105","Channel Catfish",NA,NA,183.333333333333,89,NA,867.5,3.75666666666667,0,-3,-9,-6
"73","8777020602","White Catfish",NA,NA,213,76,NA,993,3.65,0,-1,-4,-2
"74","8777020604","Yellow Bullhead",NA,NA,2,NA,NA,3,NA,0,-2,-7,-4
"75","8777020605","Brown Bullhead",NA,NA,NA,1,NA,NA,3.40875,0,-6,-12,-7
"76","8777020607","Spotted Bullhead",NA,NA,NA,NA,NA,1,NA,0,-1,-2,-3
"77","8777120101","Walking Catfish",NA,NA,1,1,NA,NA,3.2925,0,-1,-2,-3
"78","8777180101","Gafftopsail Catfish",79,1,2415.83333333333,1939.5,261.5,8157,3.395,0,-1,-2,-1
"79","8777180202","Hardhead Catfish",204,196,26654.3101851852,30391.8333333333,1213.66666666667,45342,3.335,0,-1,-2,-2
"80","8777300301","Brown Hoplo",NA,NA,24,1,NA,1,2.944,0,0,-1,-2
"81","8777302001","Vermiculated Catfish",NA,NA,1,4,NA,NA,NA,0,0,-2,-2
"82","8781010101","Pirate Perch",NA,NA,NA,NA,NA,2,NA,0,-1,-6,-2
"83","8783010108","Atlantic Midshipman",NA,NA,NA,NA,NA,568,4.47,0,-1,-2,-1
"84","8783010202","Gulf Toadfish",3390.16666666667,607.333333333333,3695,3763,428.333333333333,4242.33333333333,NA,0,-1,-1,-2
"85","8784010102","Skilletfish",6,NA,280,314.5,5,135.5,NA,0,-2,-3,-3
"86","8787020101","Sargassumfish",1,NA,NA,NA,NA,NA,NA,0,-3,-7,-14
"87","8787020203","Singlespot Frogfish",NA,NA,NA,NA,NA,8,NA,0,-1,-2,-2
"88","8787040105","Roughback Batfish",NA,NA,NA,NA,NA,2,NA,0,-1,-2,-2
"89","8787040106","Spotted Batfish",1,NA,58,4,10,4027,NA,0,-1,-1,-1
"90","8787040109","Longnose Batfish",NA,NA,NA,NA,NA,4,NA,0,-1,-2,-1
"91","8787040113","Polka-dot Batfish",35,1,741.5,250.5,19.5,7595.5,NA,0,-1,-1,-2
"92","8791031002","Spotted Hake",3,NA,NA,NA,NA,105.5,3.76666666666667,0,-1,-4,-2
"93","8791031007","Southern Hake",16.5,NA,232.5,231,6,1853.16666666667,NA,0,-1,-1,-2
"94","8792010401","Bearded Brotula",NA,NA,NA,NA,NA,1,NA,0,-1,-1,-3
"95","8792010603","Bank Cusk-eel",81,NA,NA,4,3,48,NA,0,-1,-1,-2
"96","8792010605","Crested Cusk-eel",NA,NA,NA,NA,NA,2,NA,0,-1,-1,-2
"97","8792010703","Sleeper Cusk-eel",NA,NA,9,NA,NA,NA,NA,0,-1,-1,-2
"98","8792012301","Gold Brotula",NA,NA,NA,NA,NA,7.5,NA,0,-1,-1,-2
"99","8792012401","Key Brotula",NA,14,NA,NA,NA,NA,NA,0,-1,-1,-2
"100","8803010201","Ballyhoo",11,NA,39,26.5,4,29,2.24,0,-1,-2,-3
"101","8803010202","Balao",NA,NA,NA,1,NA,NA,3.85,0,-1,-2,-3
"102","8803010301","Halfbeak",NA,NA,25,21,2,5,2,0,-2,-5,-4
"103","8803010399","False Silver Halfbeak",30,3,542,1080.5,40,1868,NA,0,-1,-3,-1
"104","8803010401","Hardhead Halfbeak",NA,234.666666666667,NA,NA,NA,NA,NA,0,-2,-3,-4
"105","8803020201","Atlantic Needlefish",173,NA,1634,2115.5,95,3994.75,3,0,-1,-4,-3
"106","8803020203","Timucu",NA,37.5,504.5,393,187,437,4.355,0,-1,-2,-3
"107","8803020302","Houndfish",43,17,129,105.5,4,114.5,4.445,0,-2,-4,-13
"108","8804040201","Marsh Killifish",3,NA,294,533,NA,46.5,NA,0,-2,-3,-3
"109","8804040205","Striped Killifish",NA,NA,NA,10,NA,NA,NA,0,-1,-3,-2
"110","8804040207","Gulf Killifish",31.6666666666667,NA,4178.33333333333,8524.66666666667,690.5,3770.33333333333,3.27,0,-1,-1,-2
"111","8804040208","Golden Topminnow",NA,NA,4,5,NA,25,NA,0,-1,-2,-2
"112","8804040213","Longnose Killifish",61,NA,4895.83333333333,16446.1,200.083333333333,10237.8,3.19,0,-1,-1,-2
"113","8804040223","Seminole Killifish",NA,NA,1809,1500.5,19,724.833333333333,NA,0,-1,-1,-1
"114","8804040301","Rainwater Killifish",2009.16666666667,13179.8333333333,200772.166666667,130256.5,16707,25030,NA,0,-2,-3,-3
"115","8804040302","Bluefin Killifish",NA,NA,90,39,12,107.5,NA,0,-1,-1,-1
"116","8804040401","Diamond Killifish",16,NA,976.166666666667,2488.16666666667,21,248.5,NA,0,-2,-2,-3
"117","8804040501","Goldspotted Killifish",NA,42299,20760,41393.25,3120.66666666667,296.5,3.51,0,-1,-1,-2
"118","8804040801","Flagfish",NA,NA,20,8,NA,NA,NA,0,-1,-1,-1
"119","8804080101","Western Mosquitofish",NA,NA,NA,NA,1,NA,3.22333333333333,0,-1,-8,-11
"120","8804080116","Eastern Mosquito Fish",24.6666666666667,NA,10371,12015.8333333333,10,549,3.1,0,-2,-5,-6
"121","8804080201","Sailfin Molly",13.3333333333333,84,5080.66666666667,4366,70.5,63,NA,0,-1,-2,-4
"122","8804080301","Pike Killifish",NA,NA,NA,22,NA,NA,NA,0,-2,-3,-3
"123","8804080401","Least Killifish",4,NA,76.5,38,NA,20,NA,0,-1,-1,-1
"124","8805020201","Rough Silverside",50.5,14,6854.66666666667,4683,1198,49318.6666666667,3.055,0,-1,-2,-2
"125","8805020301","Inland Silverside",NA,NA,NA,NA,NA,215.5,3.12,0,-2,-5,-6
"126","8805020304","Tidewater Silverside",NA,NA,NA,NA,NA,203.5,NA,0,-1,-1,-2
"127","8805020501","Hardhead Silverside",NA,9796.35,NA,NA,NA,NA,3.31,0,-3,-4,-5
"128","8805020801","Brook Silverside",37.5,NA,150.5,347.5,25.5,67.8333333333333,3.05,0,-2,-4,-2
"129","8805021201","Reef Silverside",NA,62.5,16.5,NA,NA,NA,NA,0,-2,-2,-3
"130","8819020101","Bluespotted Cornetfish",3,NA,5,3,NA,NA,3.98,0,-1,-4,-3
"131","8820020102","Dusky Pipefish",10821,403.333333333333,4016.33333333333,3659.66666666667,394.5,9943.91666666667,3.47,0,-1,-1,-2
"132","8820020103","Northern Pipefish",NA,NA,NA,NA,NA,1,3.22,0,-2,-4,-2
"133","8820020104","Chain Pipefish",309.5,27,3186,3505,57.5,2301.41666666667,NA,0,-1,-1,-2
"134","8820020108","Sargassum Pipefish",NA,NA,NA,NA,NA,1,NA,0,-2,-4,-4
"135","8820020109","Bull Pipefish",NA,NA,3,2,NA,16,NA,0,-1,-2,-2
"136","8820020113","Gulf Pipefish",1894.5,1222.5,20428.3333333333,13216.3333333333,604.5,5543.83333333333,3.34,0,-1,-1,-2
"137","8820020201","Lined Seahorse",109.666666666667,46.5,1039.75,724,11,458.5,NA,0,-1,-4,-2
"138","8820020205","Dwarf Seahorse",30,610.870634920635,1115.66666666667,796.483333333333,10,64.3333333333333,NA,0,-1,-1,-2
"139","8820020601","Opposum Pipefish",NA,NA,6,NA,NA,NA,NA,0,-2,-3,-6
"140","8820022301","Whitenose Pipefish",3,12.6666666666667,1,NA,NA,3,NA,0,-1,-1,-2
"141","8820022305","Shortfin Pipefish",1,NA,NA,NA,NA,NA,NA,0,-1,-1,-2
"142","8820023901","Fringed Pipefish",446,210.5,326,104,28,521.5,NA,0,-1,-2,-2
"143","8826010605","Barbfish",137.5,NA,809,251,235,267.5,3.76,0,-1,-1,-2
"144","8826010606","Smoothhead Scorpionfish",NA,NA,NA,1,NA,NA,NA,0,-1,-1,-2
"145","8826010614","Spotted Scorpionfish",1,NA,NA,NA,NA,NA,3.545,0,-1,-2,-2
"146","8826020103","Leopard Searobin",304,5,15579.6666666667,16791.85,50.5,10995.8333333333,3.39,0,-1,-1,-2
"147","8826020104","Bighead Searobin",89.5,NA,3191.66666666667,2454.16666666667,152.5,5552.16666666667,NA,0,-1,-1,-2
"148","8826020105","Spiny Searobin",NA,NA,NA,NA,NA,1,3.5,0,-1,-1,-2
"149","8826020111","Barred Searobin",1,NA,NA,NA,NA,505.75,NA,0,-1,-1,-2
"150","8826020118","Blackfin Searobin",NA,NA,27,1,NA,99,NA,0,-1,-1,-2
"151","8826020123","Bigeye Searobin",1,NA,NA,NA,NA,143.166666666667,NA,0,-1,-1,-1
"152","8832010101","Flying Gurnard",NA,NA,1,NA,NA,NA,3.65,0,-1,-5,-4
"153","8835010105","Common Snook",NA,124.5,11373.419047619,16466.8309385059,344.5,322.166666666667,4.16666666666667,0,-2,-3,-4
"154","8835020301","Black Sea Bass",6983.33333333333,NA,800.166666666667,1427.89285714286,306,10120.4,3.77166666666667,0,-1,-3,-2
"155","8835020304","Bank Sea Bass",NA,NA,NA,NA,NA,5,NA,0,-1,-2,-2
"156","8835020305","Rock Sea Bass",17.5,NA,NA,NA,1,165,NA,0,-1,-2,-2
"157","8835020401","Goliath Grouper",NA,NA,96,24,NA,NA,3.93,0,-2,-2,-4
"158","8835020408","Red Grouper",13,NA,167.5,30,3,11,3.57,0,-1,-1,-2
"159","8835020501","Gag",151,NA,2428.33333333333,1280.41666666667,126.233333333333,1125.08333333333,3.65,0,-1,-2,-2
"160","8835020502","Black Grouper",NA,NA,4,1,NA,NA,4.365,0,-1,-2,-2
"161","8835020505","Scamp",NA,NA,NA,NA,NA,1,4.47,0,-1,-2,-2
"162","8835021002","Sand Perch",283.5,NA,1114.5,346.833333333333,23,869.666666666667,4.045,0,-1,-2,-2
"163","8835021005","Dwarf Sand Perch",3,NA,NA,NA,NA,335.5,NA,0,-1,-1,-2
"164","8835022201","Pygmy Sea Bass",9,NA,140.5,47,NA,443.5,NA,0,-1,-1,-2
"165","8835022309","Belted Sandfish",17,NA,412,71,4,278.5,NA,0,-1,-1,-2
"166","8835030204","Whitespotted Soapfish",NA,NA,NA,NA,NA,1,NA,0,-1,-1,-2
"167","8835160203","Shadow Bass",1,NA,NA,NA,NA,NA,NA,0,-1,-2,-3
"168","8835160402","Bluespotted Sunfish",11,NA,NA,2,NA,9,NA,0,-1,-2,-1
"169","8835160501","Redbreast Sunfish",NA,NA,NA,NA,NA,100.666666666667,3.23,0,-1,-4,-2
"170","8835160504","Bluegill",32,NA,632,303,14.5,107,3.39857142857143,0,-2,-8,-10
"171","8835160507","Dollar Sunfish",1,NA,NA,27,1,2,NA,0,-1,-1,-1
"172","8835160509","Redear Sunfish",36.75,NA,77,81.5,1,101.7,NA,0,-1,-5,-4
"173","8835160510","Spotted Sunfish",15.5,NA,1,8,19.9166666666667,327.833333333333,NA,0,-1,-2,-2
"174","8835160602","Largemouth Bass",19,NA,19,41,6,637.333333333333,3.80733333333333,0,-3,-9,-12
"175","8835160702","Black Crappie",NA,NA,1,3,NA,34.5,3.76666666666667,0,-3,-6,-4
"176","8835161001","Warmouth",NA,NA,6.5,2,NA,NA,NA,0,-1,-7,-4
"177","8835170101","Bigeye",NA,NA,NA,NA,NA,1,3.78666666666667,0,-1,-2,-4
"178","8835180201","Bronze Cardinalfish",NA,NA,NA,NA,1,6,NA,0,-1,-1,-2
"179","8835180503","Dusky Cardinalfish",NA,NA,NA,NA,NA,1,NA,0,-1,-1,-2
"180","8835200101","Swamp Darter",2,NA,3,15,1,5,NA,0,-1,-2,-1
"181","8835200319","Blackbanded Darter",NA,NA,NA,NA,NA,3,NA,0,-1,-2,-2
"182","8835250101","Bluefish",110.5,NA,141,190.5,6,1127.33333333333,4.45294117647059,0,-2,-9,-12
"183","8835260101","Cobia",NA,NA,49.5,35.5,2,32,4.28,0,-2,-6,-15
"184","8835270201","Sharksucker",NA,NA,2,14,NA,124,3.745,0,-2,-8,-16
"185","8835270202","Whitefin Sharksucker",11,5,33.5,55,3,368.5,NA,0,-1,-2,-2
"186","8835280303","Crevalle Jack",14,208,1915.33333333333,2541.16666666667,53.5,1725.5,3.70666666666667,0,-1,-5,-4
"187","8835280304","Horse-eye Jack",9,44,28,65,NA,148,3.845,0,-1,-2,-2
"188","8835280306","Blue Runner",50,8,76.5,120.333333333333,3,153,4.15,0,-1,-4,-5
"189","8835280308","Bar Jack",NA,1,NA,NA,NA,NA,4.26857142857143,0,-1,-2,-2
"190","8835280401","Atlantic Bumper",119,NA,1900.16666666667,1825.33333333333,32.5,10461.5,3.855,0,-1,-2,-3
"191","8835280501","Leatherjacket",57,31,4437.16666666667,6560.08333333333,151,3966.5,3.61333333333333,0,-2,-5,-2
"192","8835280701","Lookdown",15,30,512,837,22.5,919,4.29,0,-1,-3,-2
"193","8835280705","Atlantic Moonfish",NA,NA,NA,NA,NA,99.5,NA,0,-1,-5,-2
"194","8835280901","Florida Pompano",35,1,316,220.5,9,804.333333333333,3.5,0,-1,-2,-2
"195","8835280902","Permit",NA,12,1864.25,1421.58333333333,2,1769.16666666667,3.884,0,-1,-2,-2
"196","8835281202","Round Scad",1,NA,NA,29,NA,5,3.518,0,-2,-4,-5
"197","8835281401","Bluntnose Jack",NA,NA,14,33.5,NA,394,3.87,0,-1,-1,-2
"198","8835360102","Gray Snapper",480,1110.5,13523.7142857143,6795.36666666667,201.333333333333,1660.16666666667,4.02125,0,-1,-2,-2
"199","8835360103","Mutton Snapper",NA,NA,64.5,7,NA,2,3.932,0,-1,-2,-2
"200","8835360104","Schoolmaster",NA,2,2,1,NA,NA,3.80909090909091,0,-1,-2,-2
"201","8835360107","Red Snapper",NA,NA,NA,NA,NA,36,NA,0,-1,-2,-2
"202","8835360112","Lane Snapper",1100.16666666667,3,9248.83333333333,3389,233.5,4365,3.81571428571429,0,-1,-1,-2
"203","8835360401","Yellowtail Snapper",2,NA,83,62,3.5,1,3.8725,0,-1,-2,-2
"204","8835380101","Tripletail",NA,NA,4,2,NA,37,4.04,0,-2,-7,-12
"205","8835390101","Spotfin Mojarra",117.5,27,NA,93,1,335.833333333333,3.24,0,-3,-6,-5
"206","8835390102","Silver Jenny",1705.16666666667,18492.25,142351.333333333,130192.416666667,5179.66666666667,15195.7333333333,2.90166666666667,0,-2,-5,-4
"207","8835390109","Slender Mojarra",NA,162,2,28,NA,NA,NA,0,-1,-1,-2
"208","8835390111","Tidewater Mojarra",661.166666666667,532.5,51776.75,87487.2,4125.66666666667,13084.6666666667,NA,0,-1,-1,-1
"209","8835390203","Striped Mojarra",NA,539.166666666667,7916.83333333333,9230.66666666667,132.5,1,2.425,0,-1,-1,-1
"210","8835390204","Irish Pompano",NA,1,1556.5,996.5,3,3,2.44,0,-1,-1,-2
"211","8835390301","Yellowfin Mojarra",NA,643,17.5,5,NA,NA,3.60333333333333,0,-1,-1,-2
"212","8835400101","Tomtate",13,NA,143.5,28,5,141,3.55333333333333,0,-1,-2,-2
"213","8835400102","White Grunt",1314.5,7,3075,2107,748.333333333333,2076.5,3.6275,0,-1,-1,-2
"214","8835400113","Bluestriped Grunt",NA,228,3,NA,NA,NA,3.48,0,-1,-1,-2
"215","8835400117","Sailors Choice",NA,193.5,NA,NA,NA,NA,3.44666666666667,0,-1,-1,-2
"216","8835400201","Pigfish",29434,5,85792.4166666667,107292.383333333,5140.83333333333,116726.25,3.1,0,-1,-2,-2
"217","8835400306","Porkfish",NA,NA,1,NA,NA,NA,3.635,0,-1,-1,-2
"218","8835430101","Scup",NA,NA,NA,NA,NA,9,3.886,0,-1,-4,-2
"219","8835430102","Longspine Porgy",NA,NA,NA,NA,NA,94,3.55285714285714,0,-1,-1,-2
"220","8835430201","Pinfish",144942.366666667,6196,1211733.51666667,1119997.1,58464.6666666667,502813.3,2.9284,0,-1,-2,-2
"221","8835430301","Sheepshead",136,29,13583.4666666667,16602.3333333333,418,4621.08333333333,NA,0,-1,-3,-1
"222","8835430302","Sea Bream",NA,50,23,NA,NA,NA,2.825,0,-1,-2,-2
"223","8835430401","Spottail Pinfish",6169.16666666667,NA,1195.5,8452.66666666667,2575,10249.6666666667,2.78,0,-1,-2,-2
"224","8835430501","Grass Porgy",2016,NA,313,1424.83333333333,1372.16666666667,2574.66666666667,NA,0,-1,-1,-2
"225","8835430502","Jolthead Porgy",NA,NA,1,NA,NA,NA,3.5,0,-1,-2,-2
"226","8835430505","Whitebone Porgy",NA,NA,NA,NA,NA,1,4.035,0,-1,-1,-2
"227","8835430506","Knobbed Porgy",NA,NA,2,NA,NA,NA,NA,0,-1,-1,-2
"228","8835430508","Littlehead Porgy",1,NA,9,4,1,NA,NA,0,-1,-1,-2
"229","8835430510","Sheepshead Porgy",NA,NA,183.5,81,NA,NA,4.01,0,-1,-1,-2
"230","8835430601","Red Porgy",NA,NA,NA,NA,NA,1,3.92,0,-1,-4,-5
"231","8835440102","Spotted Seatrout",1312.25,89.5,10789.3666666667,13810.0833333333,608.866666666667,11068.1833333333,3.71,0,-1,-2,-1
"232","8835440103","Silver Seatrout",NA,NA,NA,NA,NA,65,4.27285714285714,0,-1,-2,-2
"233","8835440106","Sand Seatrout",55.8333333333333,NA,22278.0166666667,18849.7428571429,188,28468.4333333333,3.98333333333333,0,-1,-1,-2
"234","8835440301","Silver Perch",12842.75,5,77393.9761904762,115543.783333333,6903.5,174522,3.7075,0,-1,-2,-2
"235","8835440304","Blue Croaker",NA,NA,1,NA,NA,NA,NA,0,-1,-1,-2
"236","8835440401","Spot",9464.33333333333,NA,31828.5166666667,92786.4523809524,11830.3333333333,195252.173809524,3.28444444444444,0,-1,-3,-2
"237","8835440501","Banded Drum",1,NA,NA,NA,NA,25,3.35857142857143,0,-1,-2,-1
"238","8835440601","Southern Kingfish",21,NA,9612.73571428571,10428.4333333333,193,15575.875,3.63285714285714,0,-1,-3,-1
"239","8835440602","Gulf Kingfish",1,NA,89.5,84.8333333333333,NA,308.333333333333,3.92,0,-1,-1,-2
"240","8835440603","Northern Kingfish",10,NA,397,533.45,3,971.5,3.659,0,-1,-3,-2
"241","8835440701","Atlantic Croaker",532.25,NA,216.5,420,10,53947.35,3.294375,0,-1,-2,-1
"242","8835440801","Black Drum",20,33,323.833333333333,1587,36,4552.33333333333,NA,0,-1,-5,-2
"243","8835440901","Red Drum",174,31,8238.16666666667,12782.3461649462,459,12050.35,3.47769230769231,0,-2,-3,-4
"244","8835441001","Star Drum",NA,NA,NA,NA,NA,1587.83333333333,NA,0,-1,-1,-2
"245","8835441202","Jackknife-fish",NA,NA,NA,NA,NA,1,3.41,0,-1,-1,-2
"246","8835441402","Cubbyu",NA,NA,1,NA,NA,NA,NA,0,-1,-1,-2
"247","8835450201","Red Goatfish",1,NA,6.5,6,NA,19,NA,0,-1,-3,-2
"248","8835450301","Spotted Goatfish",NA,NA,NA,2,NA,NA,3.65666666666667,0,-1,-2,-2
"249","8835510102","Bermuda Chub",NA,NA,NA,1,NA,3,2,0,-1,-2,-4
"250","8835520101","Atlantic Spadefish",102,99,6291.16666666667,9514.91666666667,321,4631.66666666667,3.804,0,-1,-2,-2
"251","8835550101","Spotfin Butterflyfish",2,NA,2,2,NA,NA,3.7,0,-1,-1,-2
"252","8835550103","Foureye Butterflyfish",NA,NA,1,NA,NA,NA,3.8,0,-1,-2,-2
"253","8835550402","French Angelfish",NA,NA,NA,NA,NA,2,2.57333333333333,0,-1,-1,-2
"254","8835610301","Jewelfish",NA,NA,51,1,NA,NA,NA,0,0,0,0
"255","8835610401","Blue Tilapia",NA,NA,75,18,NA,NA,2.06,0,-1,-5,-4
"256","8835610402","Spotted Tilapia",NA,NA,95.5,NA,NA,NA,NA,0,-1,-2,-3
"257","8835610403","Blackchin Tilapia",NA,NA,7,152,NA,NA,2.02,0,-2,-4,-4
"258","8835614003","Nile Tilapia",NA,NA,NA,1,NA,NA,2.08,0,-1,-4,-8
"259","8835621233","Cocoa Damselfish",2,NA,1,NA,NA,NA,2.54,0,-1,-1,-2
"260","8835740101","Everglades Pygmy Sunfish",NA,NA,1,1,NA,NA,NA,0,-1,-1,-1
"261","8835740102","Okefenokee Pygmy Sunfish",NA,NA,NA,NA,NA,2,NA,0,-1,-1,-1
"262","8835740103","Banded Pygmy Sunfish",NA,NA,NA,NA,NA,2,NA,0,-1,-3,-1
"263","8835750202","Striped Bass",NA,NA,NA,NA,NA,17,4.033,0,-6,-13,-11
"264","8836010101","Striped Mullet",644,114.5,23092.367472994,40607.9199783766,1801.19646464646,56078.9880952381,2.78555555555556,0,-3,-24,-38
"265","8836010102","White Mullet",40,226.5,2502.51666666667,6833.49166666667,56.5,12681.6428571429,2.005,0,-3,-9,-6
"266","8836010105","Fantail Mullet",NA,45.5,8161.75978835979,11239.0324175824,207,1629.41666666667,NA,0,-2,-3,-4
"267","8837010102","Sennet",154.333333333333,NA,80,123,3,243.5,NA,0,-1,-3,-2
"268","8837010103","Guaguanche",5,NA,22,NA,NA,19,4.325,0,-1,-2,-2
"269","8837010104","Great Barracuda",28,1952.5,632.5,483,1,75.5,4.434,0,-2,-4,-11
"270","8838010101","Atlantic Threadfin",NA,NA,NA,NA,NA,1,NA,0,-1,-2,-2
"271","8839010702","Slippery Dick",219.5,NA,109.5,37.5,14,800,3.825,0,-1,-1,-2
"272","8839010802","Pearly Razorfish",8,NA,NA,NA,NA,1,3.56,0,-1,-1,-5
"273","8839010901","Hogfish",237.333333333333,NA,24,35,11,367.666666666667,4.03,0,-1,-2,-2
"274","8839030201","Bluelip Parrotfish",6,NA,NA,NA,NA,NA,NA,0,-1,-1,-2
"275","8839030403","Redtail Parrotfish",12.3333333333333,NA,NA,NA,NA,NA,2,0,-1,-1,-2
"276","8839030404","Bucktooth Parrotfish",38,NA,NA,NA,NA,7,2,0,-1,-1,-2
"277","8839030405","Redfin Parrotfish",NA,NA,NA,NA,NA,1,2,0,-1,-2,-2
"278","8840020299","Spotfin Jawfish",7,NA,5,1,NA,3,NA,0,-1,-1,-2
"279","8840130204","Speckled Stargazer",5,NA,NA,10.5,NA,2,NA,0,-1,-1,-2
"280","8840140102","Southern Stargazer",9,NA,28,37,1,189.5,4.2,0,-1,-1,-2
"281","8842010201","Feather Blenny",44,NA,123.5,188,1,383.5,NA,0,-1,-3,-2
"282","8842010202","Freckled Blenny",NA,NA,NA,NA,NA,3,NA,0,-1,-1,-2
"283","8842010302","Florida Blenny",376.166666666667,4,2617.83333333333,2352.66666666667,123,604.166666666667,2.94166666666667,0,-1,-1,-2
"284","8842010501","Crested Blenny",NA,NA,NA,3,NA,31,NA,0,-1,-1,-2
"285","8842010598","Zebratail Blenny",13,NA,55,97,3.5,138.5,NA,0,0,0,0
"286","8842011402","Highfin Blenny",NA,NA,6,7,NA,NA,NA,0,-1,-1,-2
"287","8842012501","Seaweed Blenny",6,NA,8,1,NA,63,NA,0,-1,-2,-2
"288","8842090503","Banded Blenny",574,23,NA,1,125.5,1007,NA,0,-1,-1,-2
"289","8842090506","Marbled Blenny",4,1,376,159.5,3,92,NA,0,-1,-1,-2
"290","8842090602","Checkered Blenny",NA,NA,NA,NA,NA,8,NA,0,-1,-1,-2
"291","8846010702","Spotted Dragonet",1,105.5,NA,6,NA,NA,NA,0,-1,-2,-2
"292","8847010501","Darter Goby",337.166666666667,NA,91,172.833333333333,3,8560,NA,0,-1,-2,-3
"293","8847010503","Highfin Goby",17.5,NA,8,15,NA,247,NA,0,-1,-2,-3
"294","8847010504","Freshwater Goby",15,NA,NA,NA,NA,13,NA,0,0,0,0
"295","8847010506","Marked Goby",NA,NA,NA,NA,NA,5,NA,0,-1,-1,-2
"296","8847010511","Emerald Goby",NA,NA,45,49.5,NA,NA,NA,0,-1,-1,-2
"297","8847010601","Naked Goby",34.5,18,1289.16666666667,3673.5,74.5,1801.33333333333,NA,0,-1,-2,-1
"298","8847010603","Code Goby",188,28,14763.1666666667,7255.45714285714,475.5,672,NA,0,-1,-1,-2
"299","8847010606","Twoscale Goby",3,NA,351,258.666666666667,1,134.5,NA,0,-1,-1,-2
"300","8847010701","Clown Goby",400.916666666667,5247.5,45541.3333333333,60016.1166666667,3390.16666666667,1786.5,2.37,0,-1,-2,-2
"301","8847010702","Green Goby",15,NA,445,1400.16666666667,8,3384,NA,0,-1,-2,-1
"302","8847010703","Seminole Goby",1,NA,NA,NA,NA,4,NA,0,-1,-1,-2
"303","8847010704","Banner Goby",NA,448,NA,NA,NA,NA,NA,0,-1,-1,-2
"304","8847010901","Notchtongue Goby",NA,NA,NA,1,NA,NA,NA,0,-1,-1,-2
"305","8847010903","Frillfin Goby",1,NA,405.5,544,2,313,NA,0,-1,-1,-4
"306","8847011801","Emerald Sleeper",NA,NA,NA,NA,NA,3,NA,0,-1,-1,-2
"307","8847012501","Crested Goby",NA,122.5,246,90.5,5,NA,NA,0,-1,-2,-3
"308","8847013302","Fat Sleeper",NA,NA,2,NA,NA,2,2.25,0,-2,-3,-4
"309","8847013708","Largescaled Spinycheek Sleeper",NA,NA,NA,NA,NA,3,4.03,0,-1,-2,-2
"310","8849010102","Doctorfish",2,NA,1,NA,NA,NA,2.09,0,-1,-2,-3
"311","8850020201","Atlantic Cutlassfish",5,NA,NA,NA,NA,33,4.2,0,-2,-10,-18
"312","8850030102","Little Tunny",NA,NA,NA,3,NA,NA,4.36333333333333,0,-1,-7,-4
"313","8850030502","Spanish Mackerel",26,NA,257,521.5,20,1071.5,4.50666666666667,0,-1,-3,-2
"314","8851020104","Spotted Driftfish",1,NA,NA,NA,NA,NA,NA,0,-1,-2,-1
"315","8851030104","Gulf Butterfish",4,NA,1,1,NA,1209,NA,0,-1,-1,-2
"316","8851030106","Harvestfish",2,NA,31,60.5,1,2561,4.5,0,-1,-3,-1
"317","8857030106","Horned Whiff",NA,NA,NA,2,NA,NA,NA,0,-1,-1,-1
"318","8857030109","Spotted Whiff",74,NA,773.5,285.5,1,2614.33333333333,NA,0,-1,-1,-2
"319","8857030110","Bay Whiff",32,NA,NA,NA,NA,2591,3.83,0,-1,-2,-1
"320","8857030201","Fringed Flounder",90.5,NA,2544.33333333333,553.5,9,31305.6166666667,3.49,0,-2,-2,-3
"321","8857030202","Smallmouth Flounder",15,NA,NA,NA,NA,107.5,NA,0,-1,-2,-2
"322","8857030204","Gray Flounder",NA,NA,NA,NA,NA,26,NA,0,-1,-1,-2
"323","8857030205","Shelf Flounder",13.5,NA,NA,NA,NA,327.166666666667,NA,0,-1,-1,-1
"324","8857030302","Gulf Flounder",1945.66666666667,NA,5029.16666666667,6142.91666666667,244,10518.5,NA,0,-1,-1,-2
"325","8857030304","Southern Flounder",10,NA,NA,NA,NA,1267,3.55,0,-1,-1,-2
"326","8857030306","Broad Flounder",NA,NA,NA,NA,NA,113,NA,0,-1,-1,-2
"327","8857030604","Twospot Flounder",3,NA,8,NA,NA,NA,NA,0,-1,-2,-1
"328","8857030801","Mexican Flounder",NA,NA,NA,NA,NA,1,NA,0,-1,-1,-1
"329","8857031301","Shoal Flounder",NA,NA,NA,NA,NA,2,NA,0,-1,-1,-2
"330","8857031303","Dusky Flounder",4,NA,8,NA,NA,7,3.59,0,-1,-1,-2
"331","8858020101","Blackcheek Tonguefish",113.5,2,3955.5,4792.83333333333,202.5,8497.66666666667,2.99,0,-1,-2,-1
"332","8858020102","Offshore Tonguefish",NA,NA,NA,NA,NA,31,NA,0,-1,-1,-2
"333","8858020106","Pygmy Tonguefish",NA,NA,NA,NA,NA,7,NA,0,-1,-1,-2
"334","8858030101","Hogchoker",145.5,28,38462.8333333333,19827.15,86.1666666666667,5632.16666666667,2.94,0,-1,-3,-2
"335","8858030102","Scrawled Sole",NA,1,NA,NA,NA,NA,NA,0,-1,-1,-2
"336","8858030202","Lined Sole",196,74,2981.66666666667,4446.61666666667,124.666666666667,445,3.52,0,-2,-3,-3
"337","8858030301","Naked Sole",NA,NA,2,1,NA,NA,NA,0,-1,-2,-2
"338","8858030303","Fringed Sole",NA,NA,1,NA,NA,NA,NA,0,-1,-1,-2
"339","8860020101","Orange Filefish",376,3,400,486,24,594,2.02,0,-1,-3,-3
"340","8860020104","Scrawled Filefish",NA,1,NA,1,NA,NA,2.81,0,-2,-5,-13
"341","8860020701","Fringed Filefish",5808,2,441.5,568.333333333333,444.166666666667,5120.83333333333,2.73,0,-2,-3,-2
"342","8860020703","Planehead Filefish",8506.16666666667,3,11039.5,10612,1300,12747.0833333333,2.9,0,-1,-3,-3
"343","8860020704","Pygmy Filefish",NA,NA,NA,5,NA,2,NA,0,-2,-2,-4
"344","8860030101","Trunkfish",7,5,27.5,35.5,NA,9,3.29,0,-1,-2,-3
"345","8860030201","Scrawled Cowfish",1085.66666666667,7,5119.5,9190.33333333333,276,1935,2.565,0,-1,-3,-4
"346","8860030202","Honeycomb Cowfish",NA,NA,NA,NA,NA,2,2.03,0,-1,-2,-2
"347","8861010101","Smooth Puffer",NA,NA,NA,NA,NA,3,NA,0,-1,-2,-3
"348","8861010201","Northern Puffer",NA,NA,1,NA,NA,NA,NA,0,-2,-4,-2
"349","8861010202","Checkered Puffer",NA,1,NA,NA,NA,NA,3.58,0,-2,-3,-3
"350","8861010208","Southern Puffer",1298.16666666667,90,12084.3333333333,9667.66666666667,621,4442.5,2.4,0,-1,-1,-2
"351","8861010210","Least Puffer",44,NA,NA,NA,NA,312.5,NA,0,-1,-1,-2
"352","8861010211","Bandtail Puffer",12,21,142.5,131,10,29,3.27,0,-1,-2,-3
"353","8861030101","Striped Burrfish",4184.16666666667,127.5,17574.8333333333,13020.1666666667,376,7133.83333333333,3.51,0,-1,-4,-2
"354","8861030201","Porcupinefish",1,NA,NA,NA,NA,NA,3.655,0,-2,-9,-14
"355","8861030202","Balloonfish",NA,NA,15,6,NA,NA,3.925,0,-2,-6,-11
